symbol,owner,object,episode,side,A_observed,A_ready_ns,A_ready_sequence,A_admitted,A_filled,A_risk_reasons,A_closed_trades,A_portfolio_net,A_first_fill_wall,A_reclaim_sequence,A_reclaim_ms,A_reclaim_quote,B_observed,B_ready_ns,B_ready_sequence,B_admitted,B_filled,B_risk_reasons,B_closed_trades,B_portfolio_net,B_first_fill_wall,B_reclaim_sequence,B_reclaim_ms,B_reclaim_quote,C_observed,C_ready_ns,C_ready_sequence,C_admitted,C_filled,C_risk_reasons,C_closed_trades,C_portfolio_net,C_first_fill_wall,C_reclaim_sequence,C_reclaim_ms,C_reclaim_quote,AB_ready_effect,AB_delay_ms,AB_entry_effect,AB_remaining_mfe_difference_bps,BC_ready_effect,BC_delay_ms,BC_entry_effect,BC_remaining_mfe_difference_bps,A_status,A_entry,A_entry_sequence,A_horizon_seconds,A_gross_markout_bps,A_mfe_bps,A_mae_bps,A_diagnostic_net_bps,A_fee_slippage_bps,A_reclaim_to_ready_ms,B_status,B_entry,B_entry_sequence,B_horizon_seconds,B_gross_markout_bps,B_mfe_bps,B_mae_bps,B_diagnostic_net_bps,B_fee_slippage_bps,B_reclaim_to_ready_ms,C_status,C_entry,C_entry_sequence,C_horizon_seconds,C_gross_markout_bps,C_mfe_bps,C_mae_bps,C_diagnostic_net_bps,C_fee_slippage_bps,C_reclaim_to_ready_ms,A_ready_quote,A_quoteResponseBps,A_tapeResponseBps,A_tradeCount,A_allowed,B_ready_quote,B_quoteResponseBps,B_tapeResponseBps,B_tradeCount,B_allowed,C_ready_quote,C_quoteResponseBps,C_tapeResponseBps,C_tradeCount,C_allowed
BTCUSDT,level_breakout,R:resistance:18902:g1,"[""structural_level"",""R:resistance:18902:g1""]:approach",long,True,,,False,False,,0,,,,,,True,,,False,False,,0,,,,,,True,,,False,False,,0,,,,,,neither,,neither,,neither,,neither,,,,,,,,,,,,,,,,,,,,,,,,,,,,,,,,,,,,,,,,,,,,,,
BTCUSDT,level_breakout,R:resistance:18902:g1,"[""structural_level"",""R:resistance:18902:g1""]:cross:quote:1790453164462:1",long,True,,,False,False,,0,,,,,,True,,,False,False,,0,,,,,,True,,,False,False,,0,,,,,,neither,,neither,,neither,,neither,,,,,,,,,,,,,,,,,,,,,,,,,,,,,,,,,,,,,,,,,,,,,,
BTCUSDT,level_breakout,R:resistance:18904:g1,"[""structural_level"",""R:resistance:18904:g1""]:approach",long,True,,,False,False,,0,,,,,,True,,,False,False,,0,,,,,,True,,,False,False,,0,,,,,,neither,,neither,,neither,,neither,,,,,,,,,,,,,,,,,,,,,,,,,,,,,,,,,,,,,,,,,,,,,,
BTCUSDT,level_breakout,R:resistance:18906:g1,"[""structural_level"",""R:resistance:18906:g1""]:approach",long,True,,,False,False,,0,,,,,,True,,,False,False,,0,,,,,,True,,,False,False,,0,,,,,,neither,,neither,,neither,,neither,,,,,,,,,,,,,,,,,,,,,,,,,,,,,,,,,,,,,,,,,,,,,,
BTCUSDT,level_breakout,R:resistance:18906:g1,"[""structural_level"",""R:resistance:18906:g1""]:cross:quote:1790458203995:1",long,True,,,False,False,,0,,,,,,True,,,False,False,,0,,,,,,True,,,False,False,,0,,,,,,neither,,neither,,neither,,neither,,,,,,,,,,,,,,,,,,,,,,,,,,,,,,,,,,,,,,,,,,,,,,
BTCUSDT,level_breakout,S:support:18900:g1,"[""structural_level"",""S:support:18900:g1""]:approach",short,True,,,False,False,,0,,,,,,True,,,False,False,,0,,,,,,True,,,False,False,,0,,,,,,neither,,neither,,neither,,neither,,,,,,,,,,,,,,,,,,,,,,,,,,,,,,,,,,,,,,,,,,,,,,
BTCUSDT,level_breakout,S:support:18900:g1,"[""structural_level"",""S:support:18900:g1""]:cross:quote:1790455652420:1",short,True,,,False,False,,0,,,,,,True,,,False,False,,0,,,,,,True,,,False,False,,0,,,,,,neither,,neither,,neither,,neither,,,,,,,,,,,,,,,,,,,,,,,,,,,,,,,,,,,,,,,,,,,,,,
BTCUSDT,level_breakout,S:support:18901:g1,"[""structural_level"",""S:support:18901:g1""]:approach",short,True,,,False,False,,0,,,,,,True,,,False,False,,0,,,,,,True,,,False,False,,0,,,,,,neither,,neither,,neither,,neither,,,,,,,,,,,,,,,,,,,,,,,,,,,,,,,,,,,,,,,,,,,,,,
BTCUSDT,level_breakout,S:support:18901:g1,"[""structural_level"",""S:support:18901:g1""]:cross:quote:1790455429903:3",short,True,,,False,False,,0,,,,,,True,,,False,False,,0,,,,,,True,,,False,False,,0,,,,,,neither,,neither,,neither,,neither,,,,,,,,,,,,,,,,,,,,,,,,,,,,,,,,,,,,,,,,,,,,,,
BTCUSDT,level_breakout,S:support:18903:g1,"[""structural_level"",""S:support:18903:g1""]:approach",short,True,,,False,False,,0,,,,,,True,,,False,False,,0,,,,,,True,,,False,False,,0,,,,,,neither,,neither,,neither,,neither,,,,,,,,,,,,,,,,,,,,,,,,,,,,,,,,,,,,,,,,,,,,,,
BTCUSDT,level_breakout,S:support:18903:g1,"[""structural_level"",""S:support:18903:g1""]:cross:quote:1790451475157:1",short,True,,,False,False,,0,,,,,,True,,,False,False,,0,,,,,,True,,,False,False,,0,,,,,,neither,,neither,,neither,,neither,,,,,,,,,,,,,,,,,,,,,,,,,,,,,,,,,,,,,,,,,,,,,,
BTCUSDT,level_breakout,S:support:18903:g1,"[""structural_level"",""S:support:18903:g1""]:cross:quote:1790452337372:4",short,True,,,False,False,,0,,,,,,True,,,False,False,,0,,,,,,True,,,False,False,,0,,,,,,neither,,neither,,neither,,neither,,,,,,,,,,,,,,,,,,,,,,,,,,,,,,,,,,,,,,,,,,,,,,
BTCUSDT,level_breakout,S:support:18903:g1,"[""structural_level"",""S:support:18903:g1""]:cross:quote:1790453361790:5",short,True,,,False,False,,0,,,,,,True,,,False,False,,0,,,,,,True,,,False,False,,0,,,,,,neither,,neither,,neither,,neither,,,,,,,,,,,,,,,,,,,,,,,,,,,,,,,,,,,,,,,,,,,,,,
BTCUSDT,level_breakout,S:support:18903:g1,"[""structural_level"",""S:support:18903:g1""]:failed:quote:1790453361790:5",short,True,,,False,False,,0,,,,,,True,,,False,False,,0,,,,,,True,,,False,False,,0,,,,,,neither,,neither,,neither,,neither,,,,,,,,,,,,,,,,,,,,,,,,,,,,,,,,,,,,,,,,,,,,,,
ENAUSDT,level_breakout,R:resistance:-2164:g1,"[""structural_level"",""R:resistance:-2164:g1""]:approach",long,True,,,False,False,,0,,,,,,True,,,False,False,,0,,,,,,True,,,False,False,,0,,,,,,neither,,neither,,neither,,neither,,,,,,,,,,,,,,,,,,,,,,,,,,,,,,,,,,,,,,,,,,,,,,
ENAUSDT,level_breakout,R:resistance:-2164:g1,"[""structural_level"",""R:resistance:-2164:g1""]:cross:quote:1790451074428:1",long,True,,,False,False,,0,,,,,,True,,,False,False,,0,,,,,,True,,,False,False,,0,,,,,,neither,,neither,,neither,,neither,,,,,,,,,,,,,,,,,,,,,,,,,,,,,,,,,,,,,,,,,,,,,,
ENAUSDT,level_breakout,R:resistance:-2164:g1,"[""structural_level"",""R:resistance:-2164:g1""]:cross:quote:1790452981126:2",long,True,,,False,False,,0,,,,,,True,,,False,False,,0,,,,,,True,,,False,False,,0,,,,,,neither,,neither,,neither,,neither,,,,,,,,,,,,,,,,,,,,,,,,,,,,,,,,,,,,,,,,,,,,,,
ENAUSDT,level_breakout,R:resistance:-2164:g1,"[""structural_level"",""R:resistance:-2164:g1""]:failed:quote:1790451074428:1",long,True,,,False,False,,0,,,,,,True,,,False,False,,0,,,,,,True,,,False,False,,0,,,,,,neither,,neither,,neither,,neither,,,,,,,,,,,,,,,,,,,,,,,,,,,,,,,,,,,,,,,,,,,,,,
ENAUSDT,level_breakout,R:resistance:-2164:g1,"[""structural_level"",""R:resistance:-2164:g1""]:failed:quote:1790452981126:2",long,True,,,False,False,,0,,,,,,True,,,False,False,,0,,,,,,True,,,False,False,,0,,,,,,neither,,neither,,neither,,neither,,,,,,,,,,,,,,,,,,,,,,,,,,,,,,,,,,,,,,,,,,,,,,
ENAUSDT,level_breakout,R:resistance:-2185:g1,"[""structural_level"",""R:resistance:-2185:g1""]:approach",long,True,,,False,False,,0,,,,,,True,,,False,False,,0,,,,,,True,,,False,False,,0,,,,,,neither,,neither,,neither,,neither,,,,,,,,,,,,,,,,,,,,,,,,,,,,,,,,,,,,,,,,,,,,,,
ENAUSDT,level_breakout,R:resistance:-2185:g1,"[""structural_level"",""R:resistance:-2185:g1""]:cross:quote:1790457903302:1",long,True,565075492269101,22876177,False,False,economic_gate: winner_cost_share 2.184 > maximum 0.350 | economic_gate: winner_cost_share 2.570 > maximum 0.350 | economic_gate: winner_cost_share 3.300 > maximum 0.350 | economic_gate: winner_cost_share 3.326 > maximum 0.350 | economic_gate: winner_cost_share 3.488 > maximum 0.350 | economic_gate: winner_cost_share 3.546 > maximum 0.350 | economic_gate: winner_cost_share 3.549 > maximum 0.350 | economic_gate: winner_cost_share 3.641 > maximum 0.350 | economic_gate: winner_cost_share 3.661 > maximum 0.350 | economic_gate: winner_cost_share 3.754 > maximum 0.350 | economic_gate: winner_cost_share 3.909 > maximum 0.350 | economic_gate: winner_cost_share 5.303 > maximum 0.350 | invalid stop or target distance | invalid stop or target distance after depth adjustment | setup expired: entry drift 8.2 bps > 8.0 bps,0,,,,,,True,565075492269101,22876177,False,False,economic_gate: winner_cost_share 2.182 > maximum 0.350 | economic_gate: winner_cost_share 2.567 > maximum 0.350 | economic_gate: winner_cost_share 3.299 > maximum 0.350 | economic_gate: winner_cost_share 3.324 > maximum 0.350 | economic_gate: winner_cost_share 3.487 > maximum 0.350 | economic_gate: winner_cost_share 3.544 > maximum 0.350 | economic_gate: winner_cost_share 3.547 > maximum 0.350 | economic_gate: winner_cost_share 3.633 > maximum 0.350 | economic_gate: winner_cost_share 3.659 > maximum 0.350 | economic_gate: winner_cost_share 3.752 > maximum 0.350 | economic_gate: winner_cost_share 3.904 > maximum 0.350 | economic_gate: winner_cost_share 5.293 > maximum 0.350 | invalid stop or target distance | invalid stop or target distance after depth adjustment | setup expired: entry drift 8.2 bps > 8.0 bps,0,,,,,,True,565075492269101,22876177,False,False,economic_gate: winner_cost_share 2.182 > maximum 0.350 | economic_gate: winner_cost_share 2.567 > maximum 0.350 | economic_gate: winner_cost_share 3.299 > maximum 0.350 | economic_gate: winner_cost_share 3.324 > maximum 0.350 | economic_gate: winner_cost_share 3.487 > maximum 0.350 | economic_gate: winner_cost_share 3.544 > maximum 0.350 | economic_gate: winner_cost_share 3.547 > maximum 0.350 | economic_gate: winner_cost_share 3.632 > maximum 0.350 | economic_gate: winner_cost_share 3.658 > maximum 0.350 | economic_gate: winner_cost_share 3.752 > maximum 0.350 | economic_gate: winner_cost_share 3.904 > maximum 0.350 | economic_gate: winner_cost_share 5.291 > maximum 0.350 | invalid stop or target distance | invalid stop or target distance after depth adjustment | setup expired: entry drift 8.2 bps > 8.0 bps,0,,,,,,retained,0.0,neither,0.0,retained,0.0,neither,0.0,covered_top_of_book,0.27034,22876142,60,4.438854775466208,6.288377598577641,-7.02818672782509,-8.561145224533792,13,,covered_top_of_book,0.27034,22876142,60,4.438854775466208,6.288377598577641,-7.02818672782509,-8.561145224533792,13,,covered_top_of_book,0.27034,22876142,60,4.438854775466208,6.288377598577641,-7.02818672782509,-8.561145224533792,13,,,,,,,,,,,,,,,,
ENAUSDT,level_breakout,S:support:-2168:g1,"[""structural_level"",""S:support:-2168:g1""]:cross:quote:1790451301303:1",short,True,,,False,False,,0,,,,,,True,,,False,False,,0,,,,,,True,,,False,False,,0,,,,,,neither,,neither,,neither,,neither,,,,,,,,,,,,,,,,,,,,,,,,,,,,,,,,,,,,,,,,,,,,,,
ENAUSDT,level_breakout,S:support:-2168:g1,"[""structural_level"",""S:support:-2168:g1""]:cross:quote:1790451345426:2",short,True,,,False,False,,0,,,,,,True,,,False,False,,0,,,,,,True,,,False,False,,0,,,,,,neither,,neither,,neither,,neither,,,,,,,,,,,,,,,,,,,,,,,,,,,,,,,,,,,,,,,,,,,,,,
ENAUSDT,level_breakout,S:support:-2168:g1,"[""structural_level"",""S:support:-2168:g1""]:cross:quote:1790451366929:3",short,True,,,False,False,,0,,,,,,True,,,False,False,,0,,,,,,True,,,False,False,,0,,,,,,neither,,neither,,neither,,neither,,,,,,,,,,,,,,,,,,,,,,,,,,,,,,,,,,,,,,,,,,,,,,
ENAUSDT,level_breakout,S:support:-2168:g1,"[""structural_level"",""S:support:-2168:g1""]:cross:quote:1790451374895:4",short,True,558571537211701,1013767,False,False,economic_gate: winner_cost_share 1.217 > maximum 0.350 | economic_gate: winner_cost_share 1.393 > maximum 0.350 | economic_gate: winner_cost_share 1.394 > maximum 0.350 | economic_gate: winner_cost_share 1.397 > maximum 0.350 | economic_gate: winner_cost_share 1.403 > maximum 0.350 | economic_gate: winner_cost_share 1.428 > maximum 0.350 | economic_gate: winner_cost_share 1.461 > maximum 0.350 | economic_gate: winner_cost_share 2.101 > maximum 0.350 | economic_gate: winner_cost_share 2.264 > maximum 0.350 | economic_gate: winner_cost_share 2.435 > maximum 0.350 | economic_gate: winner_cost_share 2.514 > maximum 0.350 | economic_gate: winner_cost_share 3.150 > maximum 0.350,0,,,,,,True,558571537211701,1013767,False,False,economic_gate: winner_cost_share 1.217 > maximum 0.350 | economic_gate: winner_cost_share 1.393 > maximum 0.350 | economic_gate: winner_cost_share 1.394 > maximum 0.350 | economic_gate: winner_cost_share 1.397 > maximum 0.350 | economic_gate: winner_cost_share 1.403 > maximum 0.350 | economic_gate: winner_cost_share 1.428 > maximum 0.350 | economic_gate: winner_cost_share 1.461 > maximum 0.350 | economic_gate: winner_cost_share 2.101 > maximum 0.350 | economic_gate: winner_cost_share 2.264 > maximum 0.350 | economic_gate: winner_cost_share 2.435 > maximum 0.350 | economic_gate: winner_cost_share 2.514 > maximum 0.350 | economic_gate: winner_cost_share 3.150 > maximum 0.350,0,,,,,,True,558571537211701,1013767,False,False,economic_gate: winner_cost_share 1.217 > maximum 0.350 | economic_gate: winner_cost_share 1.393 > maximum 0.350 | economic_gate: winner_cost_share 1.394 > maximum 0.350 | economic_gate: winner_cost_share 1.397 > maximum 0.350 | economic_gate: winner_cost_share 1.403 > maximum 0.350 | economic_gate: winner_cost_share 1.428 > maximum 0.350 | economic_gate: winner_cost_share 1.461 > maximum 0.350 | economic_gate: winner_cost_share 2.101 > maximum 0.350 | economic_gate: winner_cost_share 2.264 > maximum 0.350 | economic_gate: winner_cost_share 2.435 > maximum 0.350 | economic_gate: winner_cost_share 2.514 > maximum 0.350 | economic_gate: winner_cost_share 3.150 > maximum 0.350,0,,,,,,retained,0.0,neither,0.0,retained,0.0,neither,0.0,covered_top_of_book,0.27205,1013735,60,-0.0,2.5730564234521043,-7.719169270354271,-13.0,13,,covered_top_of_book,0.27205,1013735,60,-0.0,2.5730564234521043,-7.719169270354271,-13.0,13,,covered_top_of_book,0.27205,1013735,60,-0.0,2.5730564234521043,-7.719169270354271,-13.0,13,,,,,,,,,,,,,,,,
ENAUSDT,level_breakout,S:support:-2168:g1,"[""structural_level"",""S:support:-2168:g1""]:cross:quote:1790451418263:5",short,True,558644402056599,1229544,False,False,economic_gate: winner_cost_share 1.445 > maximum 0.350 | economic_gate: winner_cost_share 1.651 > maximum 0.350 | economic_gate: winner_cost_share 2.405 > maximum 0.350 | economic_gate: winner_cost_share 2.439 > maximum 0.350 | economic_gate: winner_cost_share 2.480 > maximum 0.350 | economic_gate: winner_cost_share 2.511 > maximum 0.350 | economic_gate: winner_cost_share 2.889 > maximum 0.350 | economic_gate: winner_cost_share 3.006 > maximum 0.350,0,,,,,,True,558644402056599,1229544,False,False,economic_gate: winner_cost_share 1.445 > maximum 0.350 | economic_gate: winner_cost_share 1.651 > maximum 0.350 | economic_gate: winner_cost_share 2.405 > maximum 0.350 | economic_gate: winner_cost_share 2.439 > maximum 0.350 | economic_gate: winner_cost_share 2.480 > maximum 0.350 | economic_gate: winner_cost_share 2.511 > maximum 0.350 | economic_gate: winner_cost_share 2.889 > maximum 0.350 | economic_gate: winner_cost_share 3.006 > maximum 0.350,0,,,,,,True,558644402056599,1229544,False,False,economic_gate: winner_cost_share 1.445 > maximum 0.350 | economic_gate: winner_cost_share 1.651 > maximum 0.350 | economic_gate: winner_cost_share 2.405 > maximum 0.350 | economic_gate: winner_cost_share 2.439 > maximum 0.350 | economic_gate: winner_cost_share 2.480 > maximum 0.350 | economic_gate: winner_cost_share 2.511 > maximum 0.350 | economic_gate: winner_cost_share 2.889 > maximum 0.350 | economic_gate: winner_cost_share 3.006 > maximum 0.350,0,,,,,,retained,0.0,neither,0.0,retained,0.0,neither,0.0,covered_top_of_book,0.272,1229498,60,-7.352941176469778,3.3088235294130324,-7.352941176469778,-20.352941176469777,13,,covered_top_of_book,0.272,1229498,60,-7.352941176469778,3.3088235294130324,-7.352941176469778,-20.352941176469777,13,,covered_top_of_book,0.272,1229498,60,-7.352941176469778,3.3088235294130324,-7.352941176469778,-20.352941176469777,13,,,,,,,,,,,,,,,,
ENAUSDT,level_breakout,S:support:-2191:g1,"[""structural_level"",""S:support:-2191:g1""]:approach",short,False,,,,,,,,,,,,True,,,False,False,,0,,,,,,True,,,False,False,,0,,,,,,neither,,neither,,neither,,neither,,,,,,,,,,,,,,,,,,,,,,,,,,,,,,,,,,,,,,,,,,,,,,
ENAUSDT,level_breakout,S:support:-2191:g1,"[""structural_level"",""S:support:-2191:g1""]:cross:quote:1790455160826:1",short,True,,,False,False,,0,,,,,,True,,,False,False,,0,,,,,,True,,,False,False,,0,,,,,,neither,,neither,,neither,,neither,,,,,,,,,,,,,,,,,,,,,,,,,,,,,,,,,,,,,,,,,,,,,,
ENAUSDT,level_breakout,S:support:-2191:g1,"[""structural_level"",""S:support:-2191:g1""]:cross:quote:1790455161767:2",short,True,,,False,False,,0,,,,,,True,,,False,False,,0,,,,,,True,,,False,False,,0,,,,,,neither,,neither,,neither,,neither,,,,,,,,,,,,,,,,,,,,,,,,,,,,,,,,,,,,,,,,,,,,,,
ENAUSDT,level_breakout,S:support:-2191:g1,"[""structural_level"",""S:support:-2191:g1""]:cross:quote:1790455167553:3",short,True,562348092646701,12177262,False,False,economic_gate: winner_cost_share 0.395 > maximum 0.350 | economic_safety: absolute_net_reward_risk: net reward/risk 0.3819 < hard minimum 1.0000 | economic_safety: absolute_net_reward_risk: net reward/risk 0.4140 < hard minimum 1.0000 | economic_safety: absolute_net_reward_risk: net reward/risk 0.4599 < hard minimum 1.0000 | economic_safety: absolute_net_reward_risk: net reward/risk 0.4735 < hard minimum 1.0000 | economic_safety: absolute_net_reward_risk: net reward/risk 0.4744 < hard minimum 1.0000 | economic_safety: absolute_net_reward_risk: net reward/risk 0.4745 < hard minimum 1.0000 | economic_safety: absolute_net_reward_risk: net reward/risk 0.4750 < hard minimum 1.0000 | economic_safety: absolute_net_reward_risk: net reward/risk 0.4754 < hard minimum 1.0000 | economic_safety: absolute_net_reward_risk: net reward/risk 0.4758 < hard minimum 1.0000 | economic_safety: absolute_net_reward_risk: net reward/risk 0.4784 < hard minimum 1.0000 | economic_safety: absolute_net_reward_risk: net reward/risk 0.4812 < hard minimum 1.0000,0,,,,,,True,562348092646701,12177262,False,False,economic_gate: winner_cost_share 0.395 > maximum 0.350 | economic_safety: absolute_net_reward_risk: net reward/risk 0.3819 < hard minimum 1.0000 | economic_safety: absolute_net_reward_risk: net reward/risk 0.4140 < hard minimum 1.0000 | economic_safety: absolute_net_reward_risk: net reward/risk 0.4599 < hard minimum 1.0000 | economic_safety: absolute_net_reward_risk: net reward/risk 0.4735 < hard minimum 1.0000 | economic_safety: absolute_net_reward_risk: net reward/risk 0.4744 < hard minimum 1.0000 | economic_safety: absolute_net_reward_risk: net reward/risk 0.4745 < hard minimum 1.0000 | economic_safety: absolute_net_reward_risk: net reward/risk 0.4750 < hard minimum 1.0000 | economic_safety: absolute_net_reward_risk: net reward/risk 0.4754 < hard minimum 1.0000 | economic_safety: absolute_net_reward_risk: net reward/risk 0.4758 < hard minimum 1.0000 | economic_safety: absolute_net_reward_risk: net reward/risk 0.4784 < hard minimum 1.0000 | economic_safety: absolute_net_reward_risk: net reward/risk 0.4812 < hard minimum 1.0000,0,,,,,,True,562348092646701,12177262,False,False,economic_gate: winner_cost_share 0.395 > maximum 0.350 | economic_safety: absolute_net_reward_risk: net reward/risk 0.3819 < hard minimum 1.0000 | economic_safety: absolute_net_reward_risk: net reward/risk 0.4140 < hard minimum 1.0000 | economic_safety: absolute_net_reward_risk: net reward/risk 0.4599 < hard minimum 1.0000 | economic_safety: absolute_net_reward_risk: net reward/risk 0.4735 < hard minimum 1.0000 | economic_safety: absolute_net_reward_risk: net reward/risk 0.4744 < hard minimum 1.0000 | economic_safety: absolute_net_reward_risk: net reward/risk 0.4745 < hard minimum 1.0000 | economic_safety: absolute_net_reward_risk: net reward/risk 0.4750 < hard minimum 1.0000 | economic_safety: absolute_net_reward_risk: net reward/risk 0.4754 < hard minimum 1.0000 | economic_safety: absolute_net_reward_risk: net reward/risk 0.4758 < hard minimum 1.0000 | economic_safety: absolute_net_reward_risk: net reward/risk 0.4784 < hard minimum 1.0000 | economic_safety: absolute_net_reward_risk: net reward/risk 0.4812 < hard minimum 1.0000,0,,,,,,retained,0.0,neither,0.0,retained,0.0,neither,0.0,covered_top_of_book,0.26838,12177182,60,30.553692525523044,44.34011476265088,-10.80557418585634,17.553692525523044,13,,covered_top_of_book,0.26838,12177182,60,30.553692525523044,44.34011476265088,-10.80557418585634,17.553692525523044,13,,covered_top_of_book,0.26838,12177182,60,30.553692525523044,44.34011476265088,-10.80557418585634,17.553692525523044,13,,,,,,,,,,,,,,,,
ENAUSDT,level_breakout,S:support:-2191:g1,"[""structural_level"",""S:support:-2191:g1""]:cross:quote:1790455186762:4",short,True,562358061471701,12238614,False,False,economic_gate: winner_cost_share 0.518 > maximum 0.350 | economic_gate: winner_cost_share 0.570 > maximum 0.350 | economic_gate: winner_cost_share 0.599 > maximum 0.350 | economic_safety: impulse first take cannot cover planned costs/profit floor,0,,,,,,True,562358061471701,12238614,False,False,economic_gate: winner_cost_share 0.518 > maximum 0.350 | economic_gate: winner_cost_share 0.570 > maximum 0.350 | economic_gate: winner_cost_share 0.599 > maximum 0.350 | economic_safety: impulse first take cannot cover planned costs/profit floor,0,,,,,,True,562358061471701,12238614,False,False,economic_gate: winner_cost_share 0.518 > maximum 0.350 | economic_gate: winner_cost_share 0.570 > maximum 0.350 | economic_gate: winner_cost_share 0.599 > maximum 0.350 | economic_safety: impulse first take cannot cover planned costs/profit floor,0,,,,,,retained,0.0,neither,0.0,retained,0.0,neither,0.0,covered_top_of_book,0.26816,12238379,60,42.8848448687345,61.5304295942715,-0.0,29.884844868734497,13,,covered_top_of_book,0.26816,12238379,60,42.8848448687345,61.5304295942715,-0.0,29.884844868734497,13,,covered_top_of_book,0.26816,12238379,60,42.8848448687345,61.5304295942715,-0.0,29.884844868734497,13,,,,,,,,,,,,,,,,
ENAUSDT,weak_level_rejection,R:resistance:-2160:g1,"[""structural_level"",""R:resistance:-2160:g1""]:approach",short,False,,,,,,,,,,,,True,,,False,False,,0,,,,,,True,,,False,False,,0,,,,,,neither,,neither,,neither,,neither,,,,,,,,,,,,,,,,,,,,,,,,,,,,,,,,,,,,,,,,,,,,,,
ENAUSDT,weak_level_rejection,R:resistance:-2175:g1,"[""structural_level"",""R:resistance:-2175:g1""]:approach",short,True,,,False,False,assigned_object_no_longer_preparable,0,,,,,,True,,,False,False,assigned_object_no_longer_preparable,0,,,,,,True,,,False,False,assigned_object_no_longer_preparable,0,,,,,,neither,,neither,,neither,,neither,,,,,,,,,,,,,,,,,,,,,,,,,,,,,,,,,,,,,,,,,,,,,,
ENAUSDT,weak_level_rejection,R:resistance:-2180:g1,"[""structural_level"",""R:resistance:-2180:g1""]:approach",short,True,,,False,False,,0,,,,,,True,,,False,False,,0,,,,,,True,,,False,False,,0,,,,,,neither,,neither,,neither,,neither,,,,,,,,,,,,,,,,,,,,,,,,,,,,,,,,,,,,,,,,,,,,,,
ENAUSDT,weak_level_rejection,R:resistance:-2180:g1,"[""structural_level"",""R:resistance:-2180:g1""]:cross:quote:1790454470196:1",short,True,,,False,False,,0,,,,,,True,,,False,False,,0,,,,,,True,,,False,False,,0,,,,,,neither,,neither,,neither,,neither,,,,,,,,,,,,,,,,,,,,,,,,,,,,,,,,,,,,,,,,,,,,,,
ENAUSDT,weak_level_rejection,R:resistance:-2180:g1,"[""structural_level"",""R:resistance:-2180:g1""]:cross:quote:1790454472975:2",short,True,,,False,False,,0,,,,,,True,,,False,False,,0,,,,,,True,,,False,False,,0,,,,,,neither,,neither,,neither,,neither,,,,,,,,,,,,,,,,,,,,,,,,,,,,,,,,,,,,,,,,,,,,,,
ENAUSDT,weak_level_rejection,R:resistance:-2180:g1,"[""structural_level"",""R:resistance:-2180:g1""]:failed:quote:1790454472975:2",short,True,,,False,False,,0,,,10008219,1790454473275,0.27043,True,,,False,False,,0,,,10008219,1790454473275,0.27043,True,,,False,False,,0,,,10008219,1790454473275,0.27043,neither,,neither,,neither,,neither,,,,,,,,,,,,,,,,,,,,,,,,,,,,,,,,,,,,,,,,,,,,,,
ENAUSDT,weak_level_rejection,R:resistance:-2185:g1,"[""structural_level"",""R:resistance:-2185:g1""]:approach",short,True,,,False,False,assigned_object_no_longer_preparable,0,,,,,,True,,,False,False,assigned_object_no_longer_preparable,0,,,,,,True,,,False,False,assigned_object_no_longer_preparable,0,,,,,,neither,,neither,,neither,,neither,,,,,,,,,,,,,,,,,,,,,,,,,,,,,,,,,,,,,,,,,,,,,,
ENAUSDT,weak_level_rejection,R:resistance:-2193:g1,"[""structural_level"",""R:resistance:-2193:g1""]:failed:quote:1790456034119:3",short,True,,,False,False,,0,,,16221846,1790456040979,0.2684,True,,,False,False,,0,,,16221846,1790456040979,0.2684,True,,,False,False,,0,,,16221846,1790456040979,0.2684,neither,,neither,,neither,,neither,,,,,,,,,,,,,,,,,,,,,,,,,,,,,,,,,,,,,,,,,,,,,,
ENAUSDT,weak_level_rejection,S:support:-2162:g1,"[""structural_level"",""S:support:-2162:g1""]:cross:quote:1790451041215:1",long,False,,,,,,,,,,,,True,,,False,False,,0,,,,,,True,,,False,False,,0,,,,,,neither,,neither,,neither,,neither,,,,,,,,,,,,,,,,,,,,,,,,,,,,,,,,,,,,,,,,,,,,,,
ENAUSDT,weak_level_rejection,S:support:-2178:g1,"[""structural_level"",""S:support:-2178:g1""]:approach",long,True,,,False,False,,0,,,,,,True,,,False,False,,0,,,,,,True,,,False,False,,0,,,,,,neither,,neither,,neither,,neither,,,,,,,,,,,,,,,,,,,,,,,,,,,,,,,,,,,,,,,,,,,,,,
ENAUSDT,weak_level_rejection,S:support:-2178:g1,"[""structural_level"",""S:support:-2178:g1""]:failed:quote:1790453314414:1",long,True,560487396737201,6384839,False,False,economic_gate: winner_cost_share 1.439 > maximum 0.350 | economic_gate: winner_cost_share 1.440 > maximum 0.350 | economic_gate: winner_cost_share 1.652 > maximum 0.350 | economic_gate: winner_cost_share 1.750 > maximum 0.350 | economic_gate: winner_cost_share 1.772 > maximum 0.350 | economic_gate: winner_cost_share 2.730 > maximum 0.350 | economic_gate: winner_cost_share 2.737 > maximum 0.350 | economic_gate: winner_cost_share 3.031 > maximum 0.350 | economic_gate: winner_cost_share 3.036 > maximum 0.350 | economic_gate: winner_cost_share 3.042 > maximum 0.350 | economic_gate: winner_cost_share 3.051 > maximum 0.350,0,,,6381730,1790453317990,0.27084,True,560487396737201,6384839,False,False,economic_gate: winner_cost_share 1.439 > maximum 0.350 | economic_gate: winner_cost_share 1.440 > maximum 0.350 | economic_gate: winner_cost_share 1.652 > maximum 0.350 | economic_gate: winner_cost_share 1.750 > maximum 0.350 | economic_gate: winner_cost_share 1.772 > maximum 0.350 | economic_gate: winner_cost_share 2.730 > maximum 0.350 | economic_gate: winner_cost_share 2.737 > maximum 0.350 | economic_gate: winner_cost_share 3.031 > maximum 0.350 | economic_gate: winner_cost_share 3.036 > maximum 0.350 | economic_gate: winner_cost_share 3.042 > maximum 0.350 | economic_gate: winner_cost_share 3.051 > maximum 0.350,0,,,6381730,1790453317990,0.27084,True,560487396737201,6384839,False,False,economic_gate: winner_cost_share 1.439 > maximum 0.350 | economic_gate: winner_cost_share 1.440 > maximum 0.350 | economic_gate: winner_cost_share 1.652 > maximum 0.350 | economic_gate: winner_cost_share 1.750 > maximum 0.350 | economic_gate: winner_cost_share 1.772 > maximum 0.350 | economic_gate: winner_cost_share 2.730 > maximum 0.350 | economic_gate: winner_cost_share 2.737 > maximum 0.350 | economic_gate: winner_cost_share 3.031 > maximum 0.350 | economic_gate: winner_cost_share 3.036 > maximum 0.350 | economic_gate: winner_cost_share 3.042 > maximum 0.350 | economic_gate: winner_cost_share 3.051 > maximum 0.350,0,,,6381730,1790453317990,0.27084,retained,0.0,neither,0.0,retained,0.0,neither,0.0,covered_top_of_book,0.27108,6384830,60,-5.5334218680826135,4.795632285672827,-19.55142393389313,-18.533421868082613,13,1072.179598,covered_top_of_book,0.27108,6384830,60,-5.5334218680826135,4.795632285672827,-19.55142393389313,-18.533421868082613,13,1072.179598,covered_top_of_book,0.27108,6384830,60,-5.5334218680826135,4.795632285672827,-19.55142393389313,-18.533421868082613,13,1072.179598,0.27108,8.861320336728786,4.797933198005664,19,True,0.27108,8.861320336728786,4.797933198005664,19,True,0.27108,8.861320336728786,4.797933198005664,19,True
ENAUSDT,weak_level_rejection,S:support:-2183:g1,"[""structural_level"",""S:support:-2183:g1""]:approach",long,True,,,False,False,,0,,,,,,True,,,False,False,,0,,,,,,True,,,False,False,,0,,,,,,neither,,neither,,neither,,neither,,,,,,,,,,,,,,,,,,,,,,,,,,,,,,,,,,,,,,,,,,,,,,
ENAUSDT,weak_level_rejection,S:support:-2188:g1,"[""structural_level"",""S:support:-2188:g1""]:approach",long,True,,,False,False,assigned_object_no_longer_preparable,0,,,,,,True,,,False,False,assigned_object_no_longer_preparable,0,,,,,,True,,,False,False,assigned_object_no_longer_preparable,0,,,,,,neither,,neither,,neither,,neither,,,,,,,,,,,,,,,,,,,,,,,,,,,,,,,,,,,,,,,,,,,,,,
ENAUSDT,weak_level_rejection,S:support:-2191:g1,"[""structural_level"",""S:support:-2191:g1""]:approach",long,True,,,False,False,,0,,,,,,True,,,False,False,,0,,,,,,True,,,False,False,,0,,,,,,neither,,neither,,neither,,neither,,,,,,,,,,,,,,,,,,,,,,,,,,,,,,,,,,,,,,,,,,,,,,
ENAUSDT,weak_level_rejection,S:support:-2194:g1,"[""structural_level"",""S:support:-2194:g1""]:approach",long,True,,,False,False,,0,,,,,,True,,,False,False,,0,,,,,,True,,,False,False,,0,,,,,,neither,,neither,,neither,,neither,,,,,,,,,,,,,,,,,,,,,,,,,,,,,,,,,,,,,,,,,,,,,,
ENAUSDT,weak_level_rejection,S:support:-2194:g1,"[""structural_level"",""S:support:-2194:g1""]:cross:quote:1790456409595:1",long,True,,,False,False,,0,,,,,,True,,,False,False,,0,,,,,,True,,,False,False,,0,,,,,,neither,,neither,,neither,,neither,,,,,,,,,,,,,,,,,,,,,,,,,,,,,,,,,,,,,,,,,,,,,,
ENAUSDT,weak_level_rejection,S:support:-2194:g1,"[""structural_level"",""S:support:-2194:g1""]:failed:quote:1790456409595:1",long,True,563694578680400,17871335,False,False,invalid stop or target distance | price left frozen entry area; no chase after risk refusal | setup expired: entry drift 10.1 bps > 8.0 bps | setup expired: entry drift 12.0 bps > 8.0 bps | setup expired: entry drift 13.1 bps > 8.0 bps | setup expired: entry drift 8.3 bps > 8.0 bps | setup expired: entry drift 8.6 bps > 8.0 bps | setup expired: entry drift 9.0 bps > 8.0 bps,0,,,17487106,1790456410777,0.26835,True,563694578680400,17871335,False,False,invalid stop or target distance | price left frozen entry area; no chase after risk refusal | setup expired: entry drift 10.1 bps > 8.0 bps | setup expired: entry drift 12.0 bps > 8.0 bps | setup expired: entry drift 13.1 bps > 8.0 bps | setup expired: entry drift 8.3 bps > 8.0 bps | setup expired: entry drift 8.6 bps > 8.0 bps | setup expired: entry drift 9.0 bps > 8.0 bps,0,,,17487106,1790456410777,0.26835,True,563694578680400,17871335,False,False,invalid stop or target distance | price left frozen entry area; no chase after risk refusal | setup expired: entry drift 10.1 bps > 8.0 bps | setup expired: entry drift 12.0 bps > 8.0 bps | setup expired: entry drift 13.1 bps > 8.0 bps | setup expired: entry drift 8.3 bps > 8.0 bps | setup expired: entry drift 8.6 bps > 8.0 bps | setup expired: entry drift 9.0 bps > 8.0 bps,0,,,17487106,1790456410777,0.26835,retained,0.0,neither,0.0,retained,0.0,neither,0.0,covered_top_of_book,0.2685,17871281,60,11.54562383612577,34.26443202979428,-0.7448789571702049,-1.4543761638742296,13,115526.614597,covered_top_of_book,0.2685,17871281,60,11.54562383612577,34.26443202979428,-0.7448789571702049,-1.4543761638742296,13,115526.614597,covered_top_of_book,0.2685,17871281,60,11.54562383612577,34.26443202979428,-0.7448789571702049,-1.4543761638742296,13,115526.614597,0.2685,5.589714924540301,6.335482428353276,560,True,0.2685,5.589714924540301,6.335482428353276,560,True,0.2685,5.589714924540301,6.335482428353276,560,True
ENAUSDT,weak_level_rejection,S:support:-2198:g1,"[""structural_level"",""S:support:-2198:g1""]:failed:quote:1790455203739:1",long,True,,,False,False,,0,,,12346803,1790455204128,0.26766,True,,,False,False,,0,,,12346803,1790455204128,0.26766,True,,,False,False,,0,,,12346803,1790455204128,0.26766,neither,,neither,,neither,,neither,,,,,,,,,,,,,,,,,,,,,,,,,,,,,,,,,,,,,,,,,,,,,,
ENAUSDT,weak_level_rejection,S:support:-2198:g1,"[""structural_level"",""S:support:-2198:g1""]:failed:quote:1790455207728:5",long,True,562381670307600,12420367,True,True,,1,-7.036984945731149,1790455210.9564743,12397276,1790455209367,0.26769,True,562381670307600,12420367,True,True,,1,-7.036984945731149,1790455210.9564743,12397276,1790455209367,0.26769,True,562381670307600,12420367,True,True,,1,-7.036984945731149,1790455210.9564743,12397276,1790455209367,0.26769,retained,0.0,retained,0.0,retained,0.0,retained,0.0,covered_top_of_book,0.26793,12420367,60,-34.71055872802547,1.4929272571188181,-55.98477214197743,-47.71055872802547,13,3997.067298,covered_top_of_book,0.26793,12420367,60,-34.71055872802547,1.4929272571188181,-55.98477214197743,-47.71055872802547,13,3997.067298,covered_top_of_book,0.26793,12420367,60,-34.71055872802547,1.4929272571188181,-55.98477214197743,-47.71055872802547,13,3997.067298,0.26793,8.965594530988009,5.975500448162291,85,True,0.26793,8.965594530988009,5.975500448162291,85,True,0.26793,8.965594530988009,5.975500448162291,85,True
ENAUSDT,weak_level_rejection,S:support:-2198:g1,"[""structural_level"",""S:support:-2198:g1""]:failed:quote:1790455225416:6",long,True,,,False,False,,0,,,12565406,1790455232467,0.2677,True,,,False,False,,0,,,12565406,1790455232467,0.2677,True,,,False,False,,0,,,12565406,1790455232467,0.2677,neither,,neither,,neither,,neither,,,,,,,,,,,,,,,,,,,,,,,,,,,,,,,,,,,,,,,,,,,,,,
ENAUSDT,weak_level_rejection,S:support:-2198:g1,"[""structural_level"",""S:support:-2198:g1""]:failed:quote:1790455235635:8",long,True,,,False,False,,0,,,12593810,1790455236293,0.2677,True,,,False,False,,0,,,12593810,1790455236293,0.2677,True,,,False,False,,0,,,12593810,1790455236293,0.2677,neither,,neither,,neither,,neither,,,,,,,,,,,,,,,,,,,,,,,,,,,,,,,,,,,,,,,,,,,,,,
ENAUSDT,weak_level_rejection,S:support:-2207:g1,"[""structural_level"",""S:support:-2207:g1""]:approach",long,True,,,False,False,assigned_object_no_longer_preparable,0,,,,,,True,,,False,False,assigned_object_no_longer_preparable,0,,,,,,True,,,False,False,assigned_object_no_longer_preparable,0,,,,,,neither,,neither,,neither,,neither,,,,,,,,,,,,,,,,,,,,,,,,,,,,,,,,,,,,,,,,,,,,,,
ETHUSDT,level_breakout,R:resistance:13165:g1,"[""structural_level"",""R:resistance:13165:g1""]:approach",long,True,,,False,False,,0,,,,,,True,,,False,False,,0,,,,,,True,,,False,False,,0,,,,,,neither,,neither,,neither,,neither,,,,,,,,,,,,,,,,,,,,,,,,,,,,,,,,,,,,,,,,,,,,,,
ETHUSDT,level_breakout,R:resistance:13165:g1,"[""structural_level"",""R:resistance:13165:g1""]:cross:quote:1790458489804:1",long,True,,,False,False,,0,,,,,,True,,,False,False,,0,,,,,,True,,,False,False,,0,,,,,,neither,,neither,,neither,,neither,,,,,,,,,,,,,,,,,,,,,,,,,,,,,,,,,,,,,,,,,,,,,,
ETHUSDT,level_breakout,R:resistance:13165:g1,"[""structural_level"",""R:resistance:13165:g1""]:cross:quote:1790458494225:2",long,True,,,False,False,,0,,,,,,True,,,False,False,,0,,,,,,True,,,False,False,,0,,,,,,neither,,neither,,neither,,neither,,,,,,,,,,,,,,,,,,,,,,,,,,,,,,,,,,,,,,,,,,,,,,
ETHUSDT,level_breakout,R:resistance:13166:g1,"[""structural_level"",""R:resistance:13166:g1""]:approach",long,True,,,False,False,,0,,,,,,True,,,False,False,,0,,,,,,True,,,False,False,,0,,,,,,neither,,neither,,neither,,neither,,,,,,,,,,,,,,,,,,,,,,,,,,,,,,,,,,,,,,,,,,,,,,
ETHUSDT,level_breakout,R:resistance:13169:g1,"[""structural_level"",""R:resistance:13169:g1""]:approach",long,False,,,,,,,,,,,,True,,,False,False,,0,,,,,,True,,,False,False,,0,,,,,,neither,,neither,,neither,,neither,,,,,,,,,,,,,,,,,,,,,,,,,,,,,,,,,,,,,,,,,,,,,,
ETHUSDT,level_breakout,S:day_low:2026-09-26:g1,"[""structural_level"",""S:day_low:2026-09-26:g1""]:cross:quote:1790455189930:1",short,True,,,False,False,,0,,,,,,True,,,False,False,,0,,,,,,True,,,False,False,,0,,,,,,neither,,neither,,neither,,neither,,,,,,,,,,,,,,,,,,,,,,,,,,,,,,,,,,,,,,,,,,,,,,
ETHUSDT,level_breakout,S:day_low:2026-09-26:g1,"[""structural_level"",""S:day_low:2026-09-26:g1""]:cross:quote:1790455204480:2",short,False,,,,,,,,,,,,True,,,False,False,,0,,,,,,True,,,False,False,,0,,,,,,neither,,neither,,neither,,neither,,,,,,,,,,,,,,,,,,,,,,,,,,,,,,,,,,,,,,,,,,,,,,
ETHUSDT,level_breakout,S:day_low:2026-09-26:g1,"[""structural_level"",""S:day_low:2026-09-26:g1""]:cross:quote:1790455225451:3",short,False,,,,,,,,,,,,True,,,False,False,,0,,,,,,True,,,False,False,,0,,,,,,neither,,neither,,neither,,neither,,,,,,,,,,,,,,,,,,,,,,,,,,,,,,,,,,,,,,,,,,,,,,
ETHUSDT,level_breakout,S:day_low:2026-09-26:g1,"[""structural_level"",""S:day_low:2026-09-26:g1""]:cross:quote:1790455233739:4",short,False,,,,,,,,,,,,True,,,False,False,,0,,,,,,True,,,False,False,,0,,,,,,neither,,neither,,neither,,neither,,,,,,,,,,,,,,,,,,,,,,,,,,,,,,,,,,,,,,,,,,,,,,
ETHUSDT,level_breakout,S:day_low:2026-09-26:g1,"[""structural_level"",""S:day_low:2026-09-26:g1""]:cross:quote:1790455272936:6",short,False,,,,,,,,,,,,True,,,False,False,,0,,,,,,True,,,False,False,,0,,,,,,neither,,neither,,neither,,neither,,,,,,,,,,,,,,,,,,,,,,,,,,,,,,,,,,,,,,,,,,,,,,
ETHUSDT,level_breakout,S:day_low:2026-09-26:g1,"[""structural_level"",""S:day_low:2026-09-26:g1""]:cross:quote:1790455274457:7",short,True,,,False,False,,0,,,,,,True,,,False,False,,0,,,,,,True,,,False,False,,0,,,,,,neither,,neither,,neither,,neither,,,,,,,,,,,,,,,,,,,,,,,,,,,,,,,,,,,,,,,,,,,,,,
ETHUSDT,level_breakout,S:day_low:2026-09-26:g1,"[""structural_level"",""S:day_low:2026-09-26:g1""]:cross:quote:1790455652364:8",short,True,,,False,False,,0,,,,,,True,,,False,False,,0,,,,,,True,,,False,False,,0,,,,,,neither,,neither,,neither,,neither,,,,,,,,,,,,,,,,,,,,,,,,,,,,,,,,,,,,,,,,,,,,,,
ETHUSDT,level_breakout,S:day_low:2026-09-26:g1,"[""structural_level"",""S:day_low:2026-09-26:g1""]:cross:quote:1790455655731:9",short,False,,,,,,,,,,,,True,,,False,False,,0,,,,,,True,,,False,False,,0,,,,,,neither,,neither,,neither,,neither,,,,,,,,,,,,,,,,,,,,,,,,,,,,,,,,,,,,,,,,,,,,,,
ETHUSDT,level_breakout,S:previous_day_low:13151:g1,"[""structural_level"",""S:previous_day_low:13151:g1""]:cross:quote:1790455721752:7",short,True,,,False,False,,0,,,,,,True,,,False,False,,0,,,,,,True,,,False,False,,0,,,,,,neither,,neither,,neither,,neither,,,,,,,,,,,,,,,,,,,,,,,,,,,,,,,,,,,,,,,,,,,,,,
ETHUSDT,level_breakout,S:support:13151:g1,"[""structural_level"",""S:support:13151:g1""]:approach",short,True,,,False,False,,0,,,,,,True,,,False,False,,0,,,,,,True,,,False,False,,0,,,,,,neither,,neither,,neither,,neither,,,,,,,,,,,,,,,,,,,,,,,,,,,,,,,,,,,,,,,,,,,,,,
ETHUSDT,level_breakout,S:support:13151:g1,"[""structural_level"",""S:support:13151:g1""]:cross:quote:1790455652219:1",short,True,,,False,False,,0,,,,,,True,,,False,False,,0,,,,,,True,,,False,False,,0,,,,,,neither,,neither,,neither,,neither,,,,,,,,,,,,,,,,,,,,,,,,,,,,,,,,,,,,,,,,,,,,,,
ETHUSDT,level_breakout,S:support:13151:g1,"[""structural_level"",""S:support:13151:g1""]:failed:bar:1790455260000",short,True,,,False,False,,0,,,,,,True,,,False,False,,0,,,,,,True,,,False,False,,0,,,,,,neither,,neither,,neither,,neither,,,,,,,,,,,,,,,,,,,,,,,,,,,,,,,,,,,,,,,,,,,,,,
ETHUSDT,level_breakout,S:support:13158:g1,"[""structural_level"",""S:support:13158:g1""]:approach",short,True,,,False,False,,0,,,,,,True,,,False,False,,0,,,,,,True,,,False,False,,0,,,,,,neither,,neither,,neither,,neither,,,,,,,,,,,,,,,,,,,,,,,,,,,,,,,,,,,,,,,,,,,,,,
ETHUSDT,level_breakout,S:support:13159:g1,"[""structural_level"",""S:support:13159:g1""]:approach",short,True,,,False,False,,0,,,,,,True,,,False,False,,0,,,,,,True,,,False,False,,0,,,,,,neither,,neither,,neither,,neither,,,,,,,,,,,,,,,,,,,,,,,,,,,,,,,,,,,,,,,,,,,,,,
ETHUSDT,level_breakout,S:support:13162:g1,"[""structural_level"",""S:support:13162:g1""]:cross:quote:1790451811091:6",short,True,,,False,False,,0,,,,,,True,,,False,False,,0,,,,,,True,,,False,False,,0,,,,,,neither,,neither,,neither,,neither,,,,,,,,,,,,,,,,,,,,,,,,,,,,,,,,,,,,,,,,,,,,,,
ETHUSDT,weak_level_rejection,R:resistance:13157:g1,"[""structural_level"",""R:resistance:13157:g1""]:approach",short,True,,,False,False,,0,,,,,,True,,,False,False,,0,,,,,,True,,,False,False,,0,,,,,,neither,,neither,,neither,,neither,,,,,,,,,,,,,,,,,,,,,,,,,,,,,,,,,,,,,,,,,,,,,,
ETHUSDT,weak_level_rejection,R:resistance:13157:g1,"[""structural_level"",""R:resistance:13157:g1""]:cross:quote:1790456647150:1",short,True,,,False,False,,0,,,,,,True,,,False,False,,0,,,,,,True,,,False,False,,0,,,,,,neither,,neither,,neither,,neither,,,,,,,,,,,,,,,,,,,,,,,,,,,,,,,,,,,,,,,,,,,,,,
ETHUSDT,weak_level_rejection,R:resistance:13159:g2,"[""structural_level"",""R:resistance:13159:g2""]:approach",short,True,,,False,False,,0,,,,,,True,,,False,False,,0,,,,,,True,,,False,False,,0,,,,,,neither,,neither,,neither,,neither,,,,,,,,,,,,,,,,,,,,,,,,,,,,,,,,,,,,,,,,,,,,,,
ETHUSDT,weak_level_rejection,R:resistance:13163:g1,"[""structural_level"",""R:resistance:13163:g1""]:failed:quote:1790458054619:2",short,True,,,False,False,,0,,,23638834,1790458077663,2685.35,True,,,False,False,,0,,,23638834,1790458077663,2685.35,True,,,False,False,,0,,,23638834,1790458077663,2685.35,neither,,neither,,neither,,neither,,,,,,,,,,,,,,,,,,,,,,,,,,,,,,,,,,,,,,,,,,,,,,
ETHUSDT,weak_level_rejection,R:resistance:13167:g1,"[""structural_level"",""R:resistance:13167:g1""]:approach",short,False,,,,,,,,,,,,True,,,False,False,,0,,,25641282,1790458500679,2692.57,True,,,False,False,,0,,,25641282,1790458500679,2692.57,neither,,neither,,neither,,neither,,,,,,,,,,,,,,,,,,,,,,,,,,,,,,,,,,,,,,,,,,,,,,
ETHUSDT,weak_level_rejection,S:day_low:2026-09-26:g1,"[""structural_level"",""S:day_low:2026-09-26:g1""]:failed:bar:1790455260000",long,True,,,False,False,,0,,,12829574,1790455272811,2669.31,True,,,False,False,,0,,,12829574,1790455272811,2669.31,True,,,False,False,,0,,,12829574,1790455272811,2669.31,neither,,neither,,neither,,neither,,,,,,,,,,,,,,,,,,,,,,,,,,,,,,,,,,,,,,,,,,,,,,
ETHUSDT,weak_level_rejection,S:day_low:2026-09-26:g1,"[""structural_level"",""S:day_low:2026-09-26:g1""]:failed:quote:1790455189930:1",long,True,,,False,False,,0,,,,,,True,,,False,False,,0,,,,,,True,,,False,False,,0,,,,,,neither,,neither,,neither,,neither,,,,,,,,,,,,,,,,,,,,,,,,,,,,,,,,,,,,,,,,,,,,,,
ETHUSDT,weak_level_rejection,S:day_low:2026-09-26:g1,"[""structural_level"",""S:day_low:2026-09-26:g1""]:failed:quote:1790455204480:2",long,True,562377654993101,12396874,False,False,,0,,,12366482,1790455205264,2673.48,True,562377654993101,12396874,False,False,,0,,,12366482,1790455205264,2673.48,True,562377654993101,12396874,False,False,,0,,,12366482,1790455205264,2673.48,retained,0.0,neither,0.0,retained,0.0,neither,0.0,covered_top_of_book,2674.11,12395683,60,-14.472104737652323,3.103836416601887,-16.5288638088937,-27.472104737652323,13,4084.5572,covered_top_of_book,2674.11,12395683,60,-14.472104737652323,3.103836416601887,-16.5288638088937,-27.472104737652323,13,4084.5572,covered_top_of_book,2674.11,12395683,60,-14.472104737652323,3.103836416601887,-16.5288638088937,-27.472104737652323,13,4084.5572,2674.11,2.3564791956555093,3.3667388645115457,346,True,2674.11,2.3564791956555093,3.3667388645115457,346,True,2674.11,2.3564791956555093,3.3667388645115457,346,True
ETHUSDT,weak_level_rejection,S:day_low:2026-09-26:g1,"[""structural_level"",""S:day_low:2026-09-26:g1""]:failed:quote:1790455225451:3",long,True,,,False,False,,0,,,12566095,1790455232566,2673.3,True,,,False,False,,0,,,12566095,1790455232566,2673.3,True,,,False,False,,0,,,12566095,1790455232566,2673.3,neither,,neither,,neither,,neither,,,,,,,,,,,,,,,,,,,,,,,,,,,,,,,,,,,,,,,,,,,,,,
ETHUSDT,weak_level_rejection,S:day_low:2026-09-26:g1,"[""structural_level"",""S:day_low:2026-09-26:g1""]:failed:quote:1790455233739:4",long,True,562404281013501,12590728,False,False,,0,,,12584154,1790455235205,2673.2,True,562404281013501,12590728,False,False,,0,,,12584154,1790455235205,2673.2,True,562404281013501,12590728,False,False,,0,,,12584154,1790455235205,2673.2,retained,0.0,neither,0.0,retained,0.0,neither,0.0,covered_top_of_book,2673.96,12590302,60,-12.341246690302706,2.842226510492915,-31.040105311972436,-25.341246690302704,13,804.541998,covered_top_of_book,2673.96,12590302,60,-12.341246690302706,2.842226510492915,-31.040105311972436,-25.341246690302704,13,804.541998,covered_top_of_book,2673.96,12590302,60,-12.341246690302706,2.842226510492915,-31.040105311972436,-25.341246690302704,13,804.541998,2673.96,2.843034565315795,2.206952273722476,97,True,2673.96,2.843034565315795,2.206952273722476,97,True,2673.96,2.843034565315795,2.206952273722476,97,True
ETHUSDT,weak_level_rejection,S:day_low:2026-09-26:g1,"[""structural_level"",""S:day_low:2026-09-26:g1""]:failed:quote:1790455249887:5",long,True,,,False,False,,0,,,,,,True,,,False,False,,0,,,,,,True,,,False,False,,0,,,,,,neither,,neither,,neither,,neither,,,,,,,,,,,,,,,,,,,,,,,,,,,,,,,,,,,,,,,,,,,,,,
ETHUSDT,weak_level_rejection,S:day_low:2026-09-26:g1,"[""structural_level"",""S:day_low:2026-09-26:g1""]:failed:quote:1790455272936:6",long,True,,,False,False,,0,,,12832325,1790455273186,2669.11,True,,,False,False,,0,,,12832325,1790455273186,2669.11,True,,,False,False,,0,,,12832325,1790455273186,2669.11,neither,,neither,,neither,,neither,,,,,,,,,,,,,,,,,,,,,,,,,,,,,,,,,,,,,,,,,,,,,,
ETHUSDT,weak_level_rejection,S:day_low:2026-09-26:g1,"[""structural_level"",""S:day_low:2026-09-26:g1""]:failed:quote:1790455274457:7",long,True,562458215265600,12962354,True,True,,1,-8.425861547260759,1790455287.5014322,12951634,1790455288199,2669.2,True,562457768286804,12959241,True,True,,1,-8.058923172092122,1790455287.0544534,12946078,1790455287391,2669.13,True,562457768286804,12959241,True,True,,1,-8.058923172092122,1790455287.0544534,12946078,1790455287391,2669.13,retained,-446.978796,retained,0.7122396234988297,retained,0.0,retained,0.0,covered_top_of_book,2669.76,12961420,60,5.655939110630781,7.22911422749549,-0.03745655040235182,-7.344060889369219,13,1733.1102,covered_top_of_book,2669.57,12959241,60,6.368066767306412,7.94135385099432,-0.03745921627909468,-6.631933232693588,13,2093.530202,covered_top_of_book,2669.57,12959241,60,6.368066767306412,7.94135385099432,-0.03745921627909468,-6.631933232693588,13,2093.530202,2669.76,2.098006893452721,2.060542484640274,122,True,2669.57,1.6484772191689971,1.5360810451340117,146,True,2669.57,1.6484772191689971,1.5360810451340117,146,True
ETHUSDT,weak_level_rejection,S:day_low:2026-09-26:g1,"[""structural_level"",""S:day_low:2026-09-26:g1""]:failed:quote:1790455652364:8",long,False,,,,,,,,,,,,True,,,False,False,,0,,,,,,True,,,False,False,,0,,,,,,neither,,neither,,neither,,neither,,,,,,,,,,,,,,,,,,,,,,,,,,,,,,,,,,,,,,,,,,,,,,
ETHUSDT,weak_level_rejection,S:day_low:2026-09-26:g1,"[""structural_level"",""S:day_low:2026-09-26:g1""]:failed:quote:1790455655731:9",long,False,,,,,,,,,,,,True,,,False,False,,0,,,14733999,1790455656131,2665.04,True,,,False,False,,0,,,14733999,1790455656131,2665.04,neither,,neither,,neither,,neither,,,,,,,,,,,,,,,,,,,,,,,,,,,,,,,,,,,,,,,,,,,,,,
ETHUSDT,weak_level_rejection,S:previous_day_low:13151:g1,"[""structural_level"",""S:previous_day_low:13151:g1""]:failed:bar:1790455260000",long,True,,,False,False,,0,,,12871321,1790455276652,2666.31,True,,,False,False,,0,,,12871321,1790455276652,2666.31,True,,,False,False,,0,,,12871321,1790455276652,2666.31,neither,,neither,,neither,,neither,,,,,,,,,,,,,,,,,,,,,,,,,,,,,,,,,,,,,,,,,,,,,,
ETHUSDT,weak_level_rejection,S:previous_day_low:13151:g1,"[""structural_level"",""S:previous_day_low:13151:g1""]:failed:quote:1790455276883:1",long,True,,,False,False,,0,,,12876246,1790455277047,2666.27,True,,,False,False,,0,,,12876246,1790455277047,2666.27,True,,,False,False,,0,,,12876246,1790455277047,2666.27,neither,,neither,,neither,,neither,,,,,,,,,,,,,,,,,,,,,,,,,,,,,,,,,,,,,,,,,,,,,,
ETHUSDT,weak_level_rejection,S:previous_day_low:13151:g1,"[""structural_level"",""S:previous_day_low:13151:g1""]:failed:quote:1790455721752:7",long,True,,,False,False,,0,,,,,,True,,,False,False,,0,,,,,,True,,,False,False,,0,,,,,,neither,,neither,,neither,,neither,,,,,,,,,,,,,,,,,,,,,,,,,,,,,,,,,,,,,,,,,,,,,,
ETHUSDT,weak_level_rejection,S:support:13150:g1,"[""structural_level"",""S:support:13150:g1""]:failed:bar:1790455620000",long,False,,,,,,,,,,,,True,,,False,False,,0,,,,,,True,,,False,False,,0,,,,,,neither,,neither,,neither,,neither,,,,,,,,,,,,,,,,,,,,,,,,,,,,,,,,,,,,,,,,,,,,,,
ETHUSDT,weak_level_rejection,S:support:13150:g1,"[""structural_level"",""S:support:13150:g1""]:failed:bar:1790455800000",long,False,,,,,,,,,,,,True,,,False,False,,0,,,,,,True,,,False,False,,0,,,,,,neither,,neither,,neither,,neither,,,,,,,,,,,,,,,,,,,,,,,,,,,,,,,,,,,,,,,,,,,,,,
ETHUSDT,weak_level_rejection,S:support:13150:g1,"[""structural_level"",""S:support:13150:g1""]:failed:quote:1790455652364:1",long,True,,,False,False,,0,,,14735737,1790455656485,2665.04,True,,,False,False,,0,,,,,,True,,,False,False,,0,,,,,,neither,,neither,,neither,,neither,,,,,,,,,,,,,,,,,,,,,,,,,,,,,,,,,,,,,,,,,,,,,,
NEARUSDT,level_breakout,R:resistance:2621:g1,"[""structural_level"",""R:resistance:2621:g1""]:approach",long,False,,,,,,,,,,,,True,,,False,False,,0,,,,,,True,,,False,False,,0,,,,,,neither,,neither,,neither,,neither,,,,,,,,,,,,,,,,,,,,,,,,,,,,,,,,,,,,,,,,,,,,,,
NEARUSDT,level_breakout,R:resistance:2621:g1,"[""structural_level"",""R:resistance:2621:g1""]:cross:quote:1790457508957:1",long,False,,,,,,,,,,,,True,,,False,False,,0,,,,,,True,,,False,False,,0,,,,,,neither,,neither,,neither,,neither,,,,,,,,,,,,,,,,,,,,,,,,,,,,,,,,,,,,,,,,,,,,,,
NEARUSDT,level_breakout,R:resistance:2625:g1,"[""structural_level"",""R:resistance:2625:g1""]:approach",long,True,,,False,False,,0,,,,,,True,,,False,False,,0,,,,,,True,,,False,False,,0,,,,,,neither,,neither,,neither,,neither,,,,,,,,,,,,,,,,,,,,,,,,,,,,,,,,,,,,,,,,,,,,,,
NEARUSDT,level_breakout,R:resistance:2625:g1,"[""structural_level"",""R:resistance:2625:g1""]:cross:quote:1790451933105:1",long,True,,,False,False,,0,,,,,,True,,,False,False,,0,,,,,,True,,,False,False,,0,,,,,,neither,,neither,,neither,,neither,,,,,,,,,,,,,,,,,,,,,,,,,,,,,,,,,,,,,,,,,,,,,,
NEARUSDT,level_breakout,R:resistance:2627:g1,"[""structural_level"",""R:resistance:2627:g1""]:approach",long,True,,,False,False,,0,,,,,,True,,,False,False,,0,,,,,,True,,,False,False,,0,,,,,,neither,,neither,,neither,,neither,,,,,,,,,,,,,,,,,,,,,,,,,,,,,,,,,,,,,,,,,,,,,,
NEARUSDT,level_breakout,R:resistance:2627:g1,"[""structural_level"",""R:resistance:2627:g1""]:cross:quote:1790452085795:1",long,True,,,False,False,,0,,,,,,True,,,False,False,,0,,,,,,True,,,False,False,,0,,,,,,neither,,neither,,neither,,neither,,,,,,,,,,,,,,,,,,,,,,,,,,,,,,,,,,,,,,,,,,,,,,
NEARUSDT,level_breakout,R:resistance:2627:g1,"[""structural_level"",""R:resistance:2627:g1""]:cross:quote:1790452088037:2",long,True,,,False,False,,0,,,,,,True,,,False,False,,0,,,,,,True,,,False,False,,0,,,,,,neither,,neither,,neither,,neither,,,,,,,,,,,,,,,,,,,,,,,,,,,,,,,,,,,,,,,,,,,,,,
NEARUSDT,level_breakout,R:resistance:2627:g1,"[""structural_level"",""R:resistance:2627:g1""]:cross:quote:1790457822022:3",long,True,,,False,False,,0,,,,,,True,,,False,False,,0,,,,,,True,,,False,False,,0,,,,,,neither,,neither,,neither,,neither,,,,,,,,,,,,,,,,,,,,,,,,,,,,,,,,,,,,,,,,,,,,,,
NEARUSDT,level_breakout,R:resistance:2627:g1,"[""structural_level"",""R:resistance:2627:g1""]:cross:quote:1790457838938:4",long,False,,,,,,,,,,,,True,565012111718700,22558908,False,False,invalid stop or target distance | price left frozen entry area; no chase after risk refusal,0,,,,,,True,565012111718700,22558908,False,False,invalid stop or target distance | price left frozen entry area; no chase after risk refusal,0,,,,,,new,,neither,,retained,0.0,neither,0.0,,,,,,,,,,,covered_top_of_book,4.849,22558859,60,16.498247061249756,22.685089709218644,-2.062280882656906,3.4982470612497565,13,,covered_top_of_book,4.849,22558859,60,16.498247061249756,22.685089709218644,-2.062280882656906,3.4982470612497565,13,,,,,,,,,,,,,,,,
NEARUSDT,level_breakout,R:resistance:2627:g1,"[""structural_level"",""R:resistance:2627:g1""]:failed:quote:1790452088037:2",long,True,,,False,False,,0,,,,,,True,,,False,False,,0,,,,,,True,,,False,False,,0,,,,,,neither,,neither,,neither,,neither,,,,,,,,,,,,,,,,,,,,,,,,,,,,,,,,,,,,,,,,,,,,,,
NEARUSDT,level_breakout,R:resistance:2628:g1,"[""structural_level"",""R:resistance:2628:g1""]:approach",long,True,,,False,False,,0,,,,,,True,,,False,False,,0,,,,,,True,,,False,False,,0,,,,,,neither,,neither,,neither,,neither,,,,,,,,,,,,,,,,,,,,,,,,,,,,,,,,,,,,,,,,,,,,,,
NEARUSDT,level_breakout,R:resistance:2628:g1,"[""structural_level"",""R:resistance:2628:g1""]:cross:quote:1790452918664:1",long,True,560128195628001,5280207,False,False,invalid stop or target distance,0,,,,,,True,560128195628001,5280207,False,False,invalid stop or target distance,0,,,,,,True,560128195628001,5280207,False,False,invalid stop or target distance,0,,,,,,retained,0.0,neither,0.0,retained,0.0,neither,0.0,covered_top_of_book,4.846,5280207,60,-14.444903012793382,-2.063557573256983,-14.444903012793382,-27.444903012793382,13,,covered_top_of_book,4.846,5280207,60,-14.444903012793382,-2.063557573256983,-14.444903012793382,-27.444903012793382,13,,covered_top_of_book,4.846,5280207,60,-14.444903012793382,-2.063557573256983,-14.444903012793382,-27.444903012793382,13,,,,,,,,,,,,,,,,
NEARUSDT,level_breakout,R:resistance:2632:g1,"[""structural_level"",""R:resistance:2632:g1""]:failed:quote:1790453267606:11",long,True,,,False,False,,0,,,,,,True,,,False,False,,0,,,,,,True,,,False,False,,0,,,,,,neither,,neither,,neither,,neither,,,,,,,,,,,,,,,,,,,,,,,,,,,,,,,,,,,,,,,,,,,,,,
NEARUSDT,level_breakout,S:day_low:2026-09-26:g1,"[""structural_level"",""S:day_low:2026-09-26:g1""]:approach",short,True,,,False,False,,0,,,,,,True,,,False,False,,0,,,,,,True,,,False,False,,0,,,,,,neither,,neither,,neither,,neither,,,,,,,,,,,,,,,,,,,,,,,,,,,,,,,,,,,,,,,,,,,,,,
NEARUSDT,level_breakout,S:day_low:2026-09-26:g1,"[""structural_level"",""S:day_low:2026-09-26:g1""]:cross:quote:1790455432678:1",short,True,562601818741802,13680983,False,False,economic_safety: impulse first take cannot cover planned costs/profit floor,0,,,,,,True,562601818741802,13680983,False,False,economic_safety: impulse first take cannot cover planned costs/profit floor,0,,,,,,True,562601818741802,13680983,False,False,economic_safety: impulse first take cannot cover planned costs/profit floor,0,,,,,,retained,0.0,neither,0.0,retained,0.0,neither,0.0,covered_top_of_book,4.743,13679221,60,-37.95066413662195,35.84229390681077,-42.1674045962462,-50.95066413662195,13,,covered_top_of_book,4.743,13679221,60,-37.95066413662195,35.84229390681077,-42.1674045962462,-50.95066413662195,13,,covered_top_of_book,4.743,13679221,60,-37.95066413662195,35.84229390681077,-42.1674045962462,-50.95066413662195,13,,,,,,,,,,,,,,,,
NEARUSDT,level_breakout,S:support:2615:g1,"[""structural_level"",""S:support:2615:g1""]:cross:quote:1790451504205:1",short,True,,,False,False,,0,,,,,,False,,,,,,,,,,,,False,,,,,,,,,,,,neither,,neither,,neither,,neither,,,,,,,,,,,,,,,,,,,,,,,,,,,,,,,,,,,,,,,,,,,,,,
NEARUSDT,level_breakout,S:support:2615:g1,"[""structural_level"",""S:support:2615:g1""]:cross:quote:1790451505200:2",short,True,,,False,False,,0,,,,,,False,,,,,,,,,,,,False,,,,,,,,,,,,neither,,neither,,neither,,neither,,,,,,,,,,,,,,,,,,,,,,,,,,,,,,,,,,,,,,,,,,,,,,
NEARUSDT,level_breakout,S:support:2615:g1,"[""structural_level"",""S:support:2615:g1""]:failed:quote:1790451505200:2",short,True,,,False,False,,0,,,,,,False,,,,,,,,,,,,False,,,,,,,,,,,,neither,,neither,,neither,,neither,,,,,,,,,,,,,,,,,,,,,,,,,,,,,,,,,,,,,,,,,,,,,,
NEARUSDT,level_breakout,S:support:2615:g1,"[""structural_level"",""S:support:2615:g1""]:failed:quote:1790451505200:3",short,False,,,,,,,,,,,,True,,,False,False,,0,,,,,,True,,,False,False,,0,,,,,,neither,,neither,,neither,,neither,,,,,,,,,,,,,,,,,,,,,,,,,,,,,,,,,,,,,,,,,,,,,,
NEARUSDT,level_breakout,S:support:2617:g1,"[""structural_level"",""S:support:2617:g1""]:approach",short,False,,,,,,,,,,,,True,,,False,False,,0,,,,,,True,,,False,False,,0,,,,,,neither,,neither,,neither,,neither,,,,,,,,,,,,,,,,,,,,,,,,,,,,,,,,,,,,,,,,,,,,,,
NEARUSDT,level_breakout,S:support:2617:g1,"[""structural_level"",""S:support:2617:g1""]:cross:quote:1790451504205:1",short,False,,,,,,,,,,,,True,,,False,False,,0,,,,,,True,,,False,False,,0,,,,,,neither,,neither,,neither,,neither,,,,,,,,,,,,,,,,,,,,,,,,,,,,,,,,,,,,,,,,,,,,,,
NEARUSDT,level_breakout,S:support:2617:g1,"[""structural_level"",""S:support:2617:g1""]:cross:quote:1790451504505:2",short,False,,,,,,,,,,,,True,,,False,False,,0,,,,,,True,,,False,False,,0,,,,,,neither,,neither,,neither,,neither,,,,,,,,,,,,,,,,,,,,,,,,,,,,,,,,,,,,,,,,,,,,,,
NEARUSDT,level_breakout,S:support:2617:g1,"[""structural_level"",""S:support:2617:g1""]:cross:quote:1790451505200:3",short,False,,,,,,,,,,,,True,,,False,False,,0,,,,,,True,,,False,False,,0,,,,,,neither,,neither,,neither,,neither,,,,,,,,,,,,,,,,,,,,,,,,,,,,,,,,,,,,,,,,,,,,,,
NEARUSDT,level_breakout,S:support:2617:g1,"[""structural_level"",""S:support:2617:g1""]:cross:quote:1790454855177:3",short,True,,,False,False,,0,,,,,,False,,,,,,,,,,,,False,,,,,,,,,,,,neither,,neither,,neither,,neither,,,,,,,,,,,,,,,,,,,,,,,,,,,,,,,,,,,,,,,,,,,,,,
NEARUSDT,level_breakout,S:support:2617:g1,"[""structural_level"",""S:support:2617:g1""]:cross:quote:1790454855177:4",short,False,,,,,,,,,,,,True,,,False,False,,0,,,,,,True,,,False,False,,0,,,,,,neither,,neither,,neither,,neither,,,,,,,,,,,,,,,,,,,,,,,,,,,,,,,,,,,,,,,,,,,,,,
NEARUSDT,level_breakout,S:support:2617:g1,"[""structural_level"",""S:support:2617:g1""]:cross:quote:1790455080314:5",short,False,,,,,,,,,,,,True,,,False,False,,0,,,,,,True,,,False,False,,0,,,,,,neither,,neither,,neither,,neither,,,,,,,,,,,,,,,,,,,,,,,,,,,,,,,,,,,,,,,,,,,,,,
NEARUSDT,level_breakout,S:support:2617:g1,"[""structural_level"",""S:support:2617:g1""]:cross:quote:1790455080939:6",short,False,,,,,,,,,,,,True,,,False,False,,0,,,,,,True,,,False,False,,0,,,,,,neither,,neither,,neither,,neither,,,,,,,,,,,,,,,,,,,,,,,,,,,,,,,,,,,,,,,,,,,,,,
NEARUSDT,level_breakout,S:support:2617:g1,"[""structural_level"",""S:support:2617:g1""]:cross:quote:1790455102850:6",short,True,,,False,False,,0,,,,,,False,,,,,,,,,,,,False,,,,,,,,,,,,neither,,neither,,neither,,neither,,,,,,,,,,,,,,,,,,,,,,,,,,,,,,,,,,,,,,,,,,,,,,
NEARUSDT,level_breakout,S:support:2617:g1,"[""structural_level"",""S:support:2617:g1""]:cross:quote:1790455102850:7",short,False,,,,,,,,,,,,True,,,False,False,,0,,,,,,True,,,False,False,,0,,,,,,neither,,neither,,neither,,neither,,,,,,,,,,,,,,,,,,,,,,,,,,,,,,,,,,,,,,,,,,,,,,
NEARUSDT,level_breakout,S:support:2617:g1,"[""structural_level"",""S:support:2617:g1""]:cross:quote:1790455107229:7",short,True,,,False,False,,0,,,,,,False,,,,,,,,,,,,False,,,,,,,,,,,,neither,,neither,,neither,,neither,,,,,,,,,,,,,,,,,,,,,,,,,,,,,,,,,,,,,,,,,,,,,,
NEARUSDT,level_breakout,S:support:2617:g1,"[""structural_level"",""S:support:2617:g1""]:cross:quote:1790455107229:8",short,False,,,,,,,,,,,,True,,,False,False,,0,,,,,,True,,,False,False,,0,,,,,,neither,,neither,,neither,,neither,,,,,,,,,,,,,,,,,,,,,,,,,,,,,,,,,,,,,,,,,,,,,,
NEARUSDT,level_breakout,S:support:2617:g1,"[""structural_level"",""S:support:2617:g1""]:cross:quote:1790455117626:8",short,True,,,False,False,,0,,,,,,False,,,,,,,,,,,,False,,,,,,,,,,,,neither,,neither,,neither,,neither,,,,,,,,,,,,,,,,,,,,,,,,,,,,,,,,,,,,,,,,,,,,,,
NEARUSDT,level_breakout,S:support:2617:g1,"[""structural_level"",""S:support:2617:g1""]:cross:quote:1790455117626:9",short,False,,,,,,,,,,,,True,,,False,False,,0,,,,,,True,,,False,False,,0,,,,,,neither,,neither,,neither,,neither,,,,,,,,,,,,,,,,,,,,,,,,,,,,,,,,,,,,,,,,,,,,,,
NEARUSDT,level_breakout,S:support:2617:g1,"[""structural_level"",""S:support:2617:g1""]:cross:quote:1790455158844:10",short,False,,,,,,,,,,,,True,,,False,False,,0,,,,,,True,,,False,False,,0,,,,,,neither,,neither,,neither,,neither,,,,,,,,,,,,,,,,,,,,,,,,,,,,,,,,,,,,,,,,,,,,,,
NEARUSDT,level_breakout,S:support:2617:g1,"[""structural_level"",""S:support:2617:g1""]:cross:quote:1790455158844:9",short,True,,,False,False,,0,,,,,,False,,,,,,,,,,,,False,,,,,,,,,,,,neither,,neither,,neither,,neither,,,,,,,,,,,,,,,,,,,,,,,,,,,,,,,,,,,,,,,,,,,,,,
NEARUSDT,level_breakout,S:support:2617:g1,"[""structural_level"",""S:support:2617:g1""]:failed:quote:1790451505200:2",short,True,,,False,False,,0,,,,,,False,,,,,,,,,,,,False,,,,,,,,,,,,neither,,neither,,neither,,neither,,,,,,,,,,,,,,,,,,,,,,,,,,,,,,,,,,,,,,,,,,,,,,
NEARUSDT,level_breakout,S:support:2617:g1,"[""structural_level"",""S:support:2617:g1""]:failed:quote:1790451505200:3",short,False,,,,,,,,,,,,True,,,False,False,,0,,,,,,True,,,False,False,,0,,,,,,neither,,neither,,neither,,neither,,,,,,,,,,,,,,,,,,,,,,,,,,,,,,,,,,,,,,,,,,,,,,
NEARUSDT,level_breakout,S:support:2620:g1,"[""structural_level"",""S:support:2620:g1""]:approach",short,True,,,False,False,,0,,,,,,True,,,False,False,,0,,,,,,True,,,False,False,,0,,,,,,neither,,neither,,neither,,neither,,,,,,,,,,,,,,,,,,,,,,,,,,,,,,,,,,,,,,,,,,,,,,
NEARUSDT,level_breakout,S:support:2620:g1,"[""structural_level"",""S:support:2620:g1""]:cross:quote:1790451113343:1",short,True,558319732582801,284132,False,False,invalid stop or target distance,0,,,,,,True,558319732582801,284132,False,False,invalid stop or target distance,0,,,,,,True,558319732582801,284132,False,False,invalid stop or target distance,0,,,,,,retained,0.0,neither,0.0,retained,0.0,neither,0.0,covered_top_of_book,4.807,284100,60,-0.0,2.0802995631377863,-8.321198252547449,-13.0,13,,covered_top_of_book,4.807,284100,60,-0.0,2.0802995631377863,-8.321198252547449,-13.0,13,,covered_top_of_book,4.807,284100,60,-0.0,2.0802995631377863,-8.321198252547449,-13.0,13,,,,,,,,,,,,,,,,
NEARUSDT,level_breakout,S:support:2621:g1,"[""structural_level"",""S:support:2621:g1""]:approach",short,True,,,False,False,,0,,,,,,True,,,False,False,,0,,,,,,True,,,False,False,,0,,,,,,neither,,neither,,neither,,neither,,,,,,,,,,,,,,,,,,,,,,,,,,,,,,,,,,,,,,,,,,,,,,
NEARUSDT,level_breakout,S:support:2622:g1,"[""structural_level"",""S:support:2622:g1""]:approach",short,True,,,False,False,,0,,,,,,True,,,False,False,,0,,,,,,True,,,False,False,,0,,,,,,neither,,neither,,neither,,neither,,,,,,,,,,,,,,,,,,,,,,,,,,,,,,,,,,,,,,,,,,,,,,
NEARUSDT,level_breakout,S:support:2624:g1,"[""structural_level"",""S:support:2624:g1""]:cross:quote:1790454377811:5",short,True,,,False,False,,0,,,,,,True,,,False,False,,0,,,,,,True,,,False,False,,0,,,,,,neither,,neither,,neither,,neither,,,,,,,,,,,,,,,,,,,,,,,,,,,,,,,,,,,,,,,,,,,,,,
NEARUSDT,level_breakout,S:support:2624:g1,"[""structural_level"",""S:support:2624:g1""]:cross:quote:1790454403866:6",short,True,,,False,False,,0,,,,,,True,,,False,False,,0,,,,,,True,,,False,False,,0,,,,,,neither,,neither,,neither,,neither,,,,,,,,,,,,,,,,,,,,,,,,,,,,,,,,,,,,,,,,,,,,,,
NEARUSDT,level_breakout,S:support:2624:g1,"[""structural_level"",""S:support:2624:g1""]:cross:quote:1790454525789:7",short,True,,,False,False,,0,,,,,,True,,,False,False,,0,,,,,,True,,,False,False,,0,,,,,,neither,,neither,,neither,,neither,,,,,,,,,,,,,,,,,,,,,,,,,,,,,,,,,,,,,,,,,,,,,,
NEARUSDT,level_breakout,S:support:2624:g1,"[""structural_level"",""S:support:2624:g1""]:failed:quote:1790454086993:4",short,True,,,False,False,,0,,,,,,True,,,False,False,,0,,,,,,True,,,False,False,,0,,,,,,neither,,neither,,neither,,neither,,,,,,,,,,,,,,,,,,,,,,,,,,,,,,,,,,,,,,,,,,,,,,
NEARUSDT,level_breakout,S:support:2624:g1,"[""structural_level"",""S:support:2624:g1""]:failed:quote:1790454403866:6",short,True,,,False,False,,0,,,,,,True,,,False,False,,0,,,,,,True,,,False,False,,0,,,,,,neither,,neither,,neither,,neither,,,,,,,,,,,,,,,,,,,,,,,,,,,,,,,,,,,,,,,,,,,,,,
NEARUSDT,weak_level_rejection,R:resistance:2609:g1,"[""structural_level"",""R:resistance:2609:g1""]:approach",short,True,,,False,False,,0,,,,,,True,,,False,False,,0,,,,,,True,,,False,False,,0,,,,,,neither,,neither,,neither,,neither,,,,,,,,,,,,,,,,,,,,,,,,,,,,,,,,,,,,,,,,,,,,,,
NEARUSDT,weak_level_rejection,R:resistance:2609:g1,"[""structural_level"",""R:resistance:2609:g1""]:failed:quote:1790455993510:1",short,True,,,False,False,,0,,,16103869,1790456004907,4.781,True,,,False,False,,0,,,16103869,1790456004907,4.781,True,,,False,False,,0,,,16103869,1790456004907,4.781,neither,,neither,,neither,,neither,,,,,,,,,,,,,,,,,,,,,,,,,,,,,,,,,,,,,,,,,,,,,,
NEARUSDT,weak_level_rejection,R:resistance:2611:g1,"[""structural_level"",""R:resistance:2611:g1""]:approach",short,True,,,False,False,,0,,,,,,True,,,False,False,,0,,,,,,True,,,False,False,,0,,,,,,neither,,neither,,neither,,neither,,,,,,,,,,,,,,,,,,,,,,,,,,,,,,,,,,,,,,,,,,,,,,
NEARUSDT,weak_level_rejection,R:resistance:2612:g1,"[""structural_level"",""R:resistance:2612:g1""]:approach",short,True,,,False,False,assigned_object_no_longer_preparable,0,,,,,,True,,,False,False,assigned_object_no_longer_preparable,0,,,,,,True,,,False,False,assigned_object_no_longer_preparable,0,,,,,,neither,,neither,,neither,,neither,,,,,,,,,,,,,,,,,,,,,,,,,,,,,,,,,,,,,,,,,,,,,,
NEARUSDT,weak_level_rejection,R:resistance:2615:g1,"[""structural_level"",""R:resistance:2615:g1""]:approach",short,True,,,False,False,,0,,,,,,True,,,False,False,,0,,,,,,True,,,False,False,,0,,,,,,neither,,neither,,neither,,neither,,,,,,,,,,,,,,,,,,,,,,,,,,,,,,,,,,,,,,,,,,,,,,
NEARUSDT,weak_level_rejection,R:resistance:2615:g1,"[""structural_level"",""R:resistance:2615:g1""]:cross:quote:1790457011976:1",short,True,,,False,False,,0,,,19528432,1790457011976,4.8,True,,,False,False,,0,,,19528432,1790457011976,4.8,True,,,False,False,,0,,,19528432,1790457011976,4.8,neither,,neither,,neither,,neither,,,,,,,,,,,,,,,,,,,,,,,,,,,,,,,,,,,,,,,,,,,,,,
NEARUSDT,weak_level_rejection,R:resistance:2615:g1,"[""structural_level"",""R:resistance:2615:g1""]:cross:quote:1790457020712:2",short,True,,,False,False,,0,,,,,,True,,,False,False,,0,,,,,,True,,,False,False,,0,,,,,,neither,,neither,,neither,,neither,,,,,,,,,,,,,,,,,,,,,,,,,,,,,,,,,,,,,,,,,,,,,,
NEARUSDT,weak_level_rejection,R:resistance:2615:g1,"[""structural_level"",""R:resistance:2615:g1""]:cross:quote:1790457026822:3",short,True,,,False,False,,0,,,,,,True,,,False,False,,0,,,,,,True,,,False,False,,0,,,,,,neither,,neither,,neither,,neither,,,,,,,,,,,,,,,,,,,,,,,,,,,,,,,,,,,,,,,,,,,,,,
NEARUSDT,weak_level_rejection,R:resistance:2615:g1,"[""structural_level"",""R:resistance:2615:g1""]:cross:quote:1790457027081:4",short,True,,,False,False,,0,,,,,,True,,,False,False,,0,,,,,,True,,,False,False,,0,,,,,,neither,,neither,,neither,,neither,,,,,,,,,,,,,,,,,,,,,,,,,,,,,,,,,,,,,,,,,,,,,,
NEARUSDT,weak_level_rejection,R:resistance:2615:g1,"[""structural_level"",""R:resistance:2615:g1""]:cross:quote:1790457043951:5",short,True,,,False,False,,0,,,19642028,1790457043951,4.799,True,,,False,False,,0,,,19642028,1790457043951,4.799,True,,,False,False,,0,,,19642028,1790457043951,4.799,neither,,neither,,neither,,neither,,,,,,,,,,,,,,,,,,,,,,,,,,,,,,,,,,,,,,,,,,,,,,
NEARUSDT,weak_level_rejection,R:resistance:2615:g1,"[""structural_level"",""R:resistance:2615:g1""]:cross:quote:1790457142602:6",short,True,,,False,False,,0,,,,,,True,,,False,False,,0,,,,,,True,,,False,False,,0,,,,,,neither,,neither,,neither,,neither,,,,,,,,,,,,,,,,,,,,,,,,,,,,,,,,,,,,,,,,,,,,,,
NEARUSDT,weak_level_rejection,R:resistance:2615:g1,"[""structural_level"",""R:resistance:2615:g1""]:failed:quote:1790457027081:4",short,True,,,False,False,,0,,,,,,True,,,False,False,,0,,,,,,True,,,False,False,,0,,,,,,neither,,neither,,neither,,neither,,,,,,,,,,,,,,,,,,,,,,,,,,,,,,,,,,,,,,,,,,,,,,
NEARUSDT,weak_level_rejection,R:resistance:2615:g1,"[""structural_level"",""R:resistance:2615:g1""]:failed:quote:1790457043951:5",short,True,,,False,False,,0,,,19834385,1790457099803,4.8,True,,,False,False,,0,,,19834385,1790457099803,4.8,True,,,False,False,,0,,,19834385,1790457099803,4.8,neither,,neither,,neither,,neither,,,,,,,,,,,,,,,,,,,,,,,,,,,,,,,,,,,,,,,,,,,,,,
NEARUSDT,weak_level_rejection,R:resistance:2618:g1,"[""structural_level"",""R:resistance:2618:g1""]:failed:quote:1790451112722:1",short,True,,,False,False,assigned_object_no_longer_preparable,0,,,,,,False,,,,,,,,,,,,False,,,,,,,,,,,,neither,,neither,,neither,,neither,,,,,,,,,,,,,,,,,,,,,,,,,,,,,,,,,,,,,,,,,,,,,,
NEARUSDT,weak_level_rejection,R:resistance:2618:g2,"[""structural_level"",""R:resistance:2618:g2""]:approach",short,True,,,False,False,,0,,,,,,True,,,False,False,,0,,,,,,True,,,False,False,,0,,,,,,neither,,neither,,neither,,neither,,,,,,,,,,,,,,,,,,,,,,,,,,,,,,,,,,,,,,,,,,,,,,
NEARUSDT,weak_level_rejection,R:resistance:2618:g2,"[""structural_level"",""R:resistance:2618:g2""]:cross:quote:1790457386129:1",short,True,,,False,False,,0,,,,,,True,,,False,False,,0,,,,,,True,,,False,False,,0,,,,,,neither,,neither,,neither,,neither,,,,,,,,,,,,,,,,,,,,,,,,,,,,,,,,,,,,,,,,,,,,,,
NEARUSDT,weak_level_rejection,R:resistance:2618:g2,"[""structural_level"",""R:resistance:2618:g2""]:cross:quote:1790457387257:2",short,True,,,False,False,,0,,,,,,True,,,False,False,,0,,,,,,True,,,False,False,,0,,,,,,neither,,neither,,neither,,neither,,,,,,,,,,,,,,,,,,,,,,,,,,,,,,,,,,,,,,,,,,,,,,
NEARUSDT,weak_level_rejection,R:resistance:2618:g2,"[""structural_level"",""R:resistance:2618:g2""]:cross:quote:1790457410119:3",short,True,,,False,False,,0,,,,,,True,,,False,False,,0,,,,,,True,,,False,False,,0,,,,,,neither,,neither,,neither,,neither,,,,,,,,,,,,,,,,,,,,,,,,,,,,,,,,,,,,,,,,,,,,,,
NEARUSDT,weak_level_rejection,R:resistance:2618:g2,"[""structural_level"",""R:resistance:2618:g2""]:cross:quote:1790457411312:4",short,True,,,False,False,,0,,,,,,True,,,False,False,,0,,,,,,True,,,False,False,,0,,,,,,neither,,neither,,neither,,neither,,,,,,,,,,,,,,,,,,,,,,,,,,,,,,,,,,,,,,,,,,,,,,
NEARUSDT,weak_level_rejection,R:resistance:2618:g2,"[""structural_level"",""R:resistance:2618:g2""]:failed:bar:1790457120000",short,True,,,False,False,,0,,,,,,True,,,False,False,,0,,,,,,True,,,False,False,,0,,,,,,neither,,neither,,neither,,neither,,,,,,,,,,,,,,,,,,,,,,,,,,,,,,,,,,,,,,,,,,,,,,
NEARUSDT,weak_level_rejection,R:resistance:2619:g1,"[""structural_level"",""R:resistance:2619:g1""]:failed:quote:1790451112722:1",short,True,,,False,False,,0,,,,,,True,,,False,False,,0,,,,,,True,,,False,False,,0,,,,,,neither,,neither,,neither,,neither,,,,,,,,,,,,,,,,,,,,,,,,,,,,,,,,,,,,,,,,,,,,,,
NEARUSDT,weak_level_rejection,R:resistance:2619:g1,"[""structural_level"",""R:resistance:2619:g1""]:failed:quote:1790451602040:4",short,False,,,,,,,,,,,,True,,,False,False,,0,,,,,,True,,,False,False,,0,,,,,,neither,,neither,,neither,,neither,,,,,,,,,,,,,,,,,,,,,,,,,,,,,,,,,,,,,,,,,,,,,,
NEARUSDT,weak_level_rejection,R:resistance:2629:g1,"[""structural_level"",""R:resistance:2629:g1""]:approach",short,True,,,False,False,assigned_object_no_longer_preparable,0,,,,,,True,,,False,False,assigned_object_no_longer_preparable,0,,,,,,True,,,False,False,assigned_object_no_longer_preparable,0,,,,,,neither,,neither,,neither,,neither,,,,,,,,,,,,,,,,,,,,,,,,,,,,,,,,,,,,,,,,,,,,,,
NEARUSDT,weak_level_rejection,R:resistance:2633:g1,"[""structural_level"",""R:resistance:2633:g1""]:approach",short,True,,,False,False,,0,,,22646590,1790457864202,4.852,True,,,False,False,,0,,,,,,True,,,False,False,,0,,,,,,neither,,neither,,neither,,neither,,,,,,,,,,,,,,,,,,,,,,,,,,,,,,,,,,,,,,,,,,,,,,
NEARUSDT,weak_level_rejection,R:resistance:2633:g1,"[""structural_level"",""R:resistance:2633:g1""]:failed:quote:1790457864202:1",short,True,,,False,False,,0,,,,,,False,,,,,,,,,,,,False,,,,,,,,,,,,neither,,neither,,neither,,neither,,,,,,,,,,,,,,,,,,,,,,,,,,,,,,,,,,,,,,,,,,,,,,
NEARUSDT,weak_level_rejection,R:resistance:2635:g1,"[""structural_level"",""R:resistance:2635:g1""]:approach",short,False,,,,,,,,,,,,True,,,False,False,,0,,,,,,True,,,False,False,,0,,,,,,neither,,neither,,neither,,neither,,,,,,,,,,,,,,,,,,,,,,,,,,,,,,,,,,,,,,,,,,,,,,
NEARUSDT,weak_level_rejection,R:resistance:2635:g1,"[""structural_level"",""R:resistance:2635:g1""]:failed:quote:1790457910860:1",short,False,,,,,,,,,,,,True,,,False,False,,0,,,,,,True,,,False,False,,0,,,,,,neither,,neither,,neither,,neither,,,,,,,,,,,,,,,,,,,,,,,,,,,,,,,,,,,,,,,,,,,,,,
NEARUSDT,weak_level_rejection,R:resistance:2651:g1,"[""structural_level"",""R:resistance:2651:g1""]:failed:bar:1790458200000",short,True,,,False,False,,0,,,24432545,1790458237141,4.904,True,,,False,False,,0,,,24432545,1790458237141,4.904,True,,,False,False,,0,,,24432545,1790458237141,4.904,neither,,neither,,neither,,neither,,,,,,,,,,,,,,,,,,,,,,,,,,,,,,,,,,,,,,,,,,,,,,
NEARUSDT,weak_level_rejection,R:resistance:2651:g1,"[""structural_level"",""R:resistance:2651:g1""]:failed:quote:1790458237170:1",short,True,,,False,False,,0,,,24433255,1790458237270,4.905,True,,,False,False,,0,,,24433255,1790458237270,4.905,True,,,False,False,,0,,,24433255,1790458237270,4.905,neither,,neither,,neither,,neither,,,,,,,,,,,,,,,,,,,,,,,,,,,,,,,,,,,,,,,,,,,,,,
NEARUSDT,weak_level_rejection,R:resistance:2651:g1,"[""structural_level"",""R:resistance:2651:g1""]:failed:quote:1790458237494:2",short,True,,,False,False,,0,,,24435133,1790458237594,4.904,True,,,False,False,,0,,,24435133,1790458237594,4.904,True,,,False,False,,0,,,24435133,1790458237594,4.904,neither,,neither,,neither,,neither,,,,,,,,,,,,,,,,,,,,,,,,,,,,,,,,,,,,,,,,,,,,,,
NEARUSDT,weak_level_rejection,R:resistance:2651:g1,"[""structural_level"",""R:resistance:2651:g1""]:failed:quote:1790458237787:3",short,True,,,False,False,,0,,,,,,True,,,False,False,,0,,,,,,True,,,False,False,,0,,,,,,neither,,neither,,neither,,neither,,,,,,,,,,,,,,,,,,,,,,,,,,,,,,,,,,,,,,,,,,,,,,
NEARUSDT,weak_level_rejection,R:resistance:2651:g1,"[""structural_level"",""R:resistance:2651:g1""]:failed:quote:1790458238444:4",short,True,,,False,False,,0,,,24440357,1790458238544,4.905,True,,,False,False,,0,,,24440357,1790458238544,4.905,True,,,False,False,,0,,,24440357,1790458238544,4.905,neither,,neither,,neither,,neither,,,,,,,,,,,,,,,,,,,,,,,,,,,,,,,,,,,,,,,,,,,,,,
NEARUSDT,weak_level_rejection,S:support:2611:g1,"[""structural_level"",""S:support:2611:g1""]:approach",long,True,,,False,False,assigned_object_no_longer_preparable,0,,,,,,True,,,False,False,assigned_object_no_longer_preparable,0,,,,,,True,,,False,False,assigned_object_no_longer_preparable,0,,,,,,neither,,neither,,neither,,neither,,,,,,,,,,,,,,,,,,,,,,,,,,,,,,,,,,,,,,,,,,,,,,
NEARUSDT,weak_level_rejection,S:support:2614:g1,"[""structural_level"",""S:support:2614:g1""]:approach",long,False,,,,,,,,,,,,True,,,False,False,,0,,,,,,True,,,False,False,,0,,,,,,neither,,neither,,neither,,neither,,,,,,,,,,,,,,,,,,,,,,,,,,,,,,,,,,,,,,,,,,,,,,
NEARUSDT,weak_level_rejection,S:support:2614:g1,"[""structural_level"",""S:support:2614:g1""]:failed:quote:1790454851870:2",long,True,,,False,False,assigned_object_no_longer_preparable,0,,,,,,True,,,False,False,,0,,,11331982,1790454888757,4.802,True,,,False,False,,0,,,11331982,1790454888757,4.802,neither,,neither,,neither,,neither,,,,,,,,,,,,,,,,,,,,,,,,,,,,,,,,,,,,,,,,,,,,,,
SOLUSDT,level_breakout,R:resistance:7996:g1,"[""structural_level"",""R:resistance:7996:g1""]:cross:quote:1790454307134:1",long,True,561628236638901,9962750,False,False,invalid stop or target distance,0,,,,,,True,561628236638901,9962750,False,False,invalid stop or target distance,0,,,,,,True,561628236638901,9962750,False,False,invalid stop or target distance,0,,,,,,retained,0.0,neither,0.0,retained,0.0,neither,0.0,covered_top_of_book,121.28,9962750,60,5.771767810025823,17.31530343007864,-0.8245382585756198,-7.228232189974177,13,,covered_top_of_book,121.28,9962750,60,5.771767810025823,17.31530343007864,-0.8245382585756198,-7.228232189974177,13,,covered_top_of_book,121.28,9962750,60,5.771767810025823,17.31530343007864,-0.8245382585756198,-7.228232189974177,13,,,,,,,,,,,,,,,,
SOLUSDT,level_breakout,R:resistance:7996:g1,"[""structural_level"",""R:resistance:7996:g1""]:failed:bar:1790451000000",long,True,,,False,False,,0,,,,,,True,,,False,False,,0,,,,,,True,,,False,False,,0,,,,,,neither,,neither,,neither,,neither,,,,,,,,,,,,,,,,,,,,,,,,,,,,,,,,,,,,,,,,,,,,,,
SOLUSDT,level_breakout,R:resistance:7998:g1,"[""structural_level"",""R:resistance:7998:g1""]:approach",long,True,,,False,False,,0,,,,,,True,,,False,False,,0,,,,,,True,,,False,False,,0,,,,,,neither,,neither,,neither,,neither,,,,,,,,,,,,,,,,,,,,,,,,,,,,,,,,,,,,,,,,,,,,,,
SOLUSDT,level_breakout,R:resistance:8001:g1,"[""structural_level"",""R:resistance:8001:g1""]:approach",long,True,,,False,False,,0,,,,,,True,,,False,False,,0,,,,,,True,,,False,False,,0,,,,,,neither,,neither,,neither,,neither,,,,,,,,,,,,,,,,,,,,,,,,,,,,,,,,,,,,,,,,,,,,,,
SOLUSDT,level_breakout,R:resistance:8001:g1,"[""structural_level"",""R:resistance:8001:g1""]:cross:quote:1790454512647:1",long,True,,,False,False,,0,,,,,,True,,,False,False,,0,,,,,,True,,,False,False,,0,,,,,,neither,,neither,,neither,,neither,,,,,,,,,,,,,,,,,,,,,,,,,,,,,,,,,,,,,,,,,,,,,,
SOLUSDT,level_breakout,R:resistance:8001:g1,"[""structural_level"",""R:resistance:8001:g1""]:cross:quote:1790454622314:2",long,True,,,False,False,,0,,,,,,True,,,False,False,,0,,,,,,True,,,False,False,,0,,,,,,neither,,neither,,neither,,neither,,,,,,,,,,,,,,,,,,,,,,,,,,,,,,,,,,,,,,,,,,,,,,
SOLUSDT,level_breakout,R:resistance:8001:g1,"[""structural_level"",""R:resistance:8001:g1""]:failed:quote:1790454512647:1",long,True,,,False,False,,0,,,,,,True,,,False,False,,0,,,,,,True,,,False,False,,0,,,,,,neither,,neither,,neither,,neither,,,,,,,,,,,,,,,,,,,,,,,,,,,,,,,,,,,,,,,,,,,,,,
SOLUSDT,level_breakout,R:resistance:8001:g1,"[""structural_level"",""R:resistance:8001:g1""]:failed:quote:1790454622314:2",long,True,,,False,False,,0,,,,,,True,,,False,False,,0,,,,,,True,,,False,False,,0,,,,,,neither,,neither,,neither,,neither,,,,,,,,,,,,,,,,,,,,,,,,,,,,,,,,,,,,,,,,,,,,,,
SOLUSDT,level_breakout,R:resistance:8003:g1,"[""structural_level"",""R:resistance:8003:g1""]:approach",long,True,,,False,False,,0,,,,,,True,,,False,False,,0,,,,,,True,,,False,False,,0,,,,,,neither,,neither,,neither,,neither,,,,,,,,,,,,,,,,,,,,,,,,,,,,,,,,,,,,,,,,,,,,,,
SOLUSDT,level_breakout,R:resistance:8003:g1,"[""structural_level"",""R:resistance:8003:g1""]:failed:bar:1790458440000",long,True,,,False,False,,0,,,,,,True,,,False,False,,0,,,,,,True,,,False,False,,0,,,,,,neither,,neither,,neither,,neither,,,,,,,,,,,,,,,,,,,,,,,,,,,,,,,,,,,,,,,,,,,,,,
SOLUSDT,level_breakout,S:support:7984:g1,"[""structural_level"",""S:support:7984:g1""]:approach",short,True,,,False,False,,0,,,,,,True,,,False,False,,0,,,,,,True,,,False,False,,0,,,,,,neither,,neither,,neither,,neither,,,,,,,,,,,,,,,,,,,,,,,,,,,,,,,,,,,,,,,,,,,,,,
SOLUSDT,level_breakout,S:support:7984:g1,"[""structural_level"",""S:support:7984:g1""]:cross:quote:1790455792940:1",short,True,,,False,False,,0,,,,,,True,,,False,False,,0,,,,,,True,,,False,False,,0,,,,,,neither,,neither,,neither,,neither,,,,,,,,,,,,,,,,,,,,,,,,,,,,,,,,,,,,,,,,,,,,,,
SOLUSDT,level_breakout,S:support:7984:g1,"[""structural_level"",""S:support:7984:g1""]:cross:quote:1790455802453:2",short,True,,,False,False,,0,,,,,,True,,,False,False,,0,,,,,,True,,,False,False,,0,,,,,,neither,,neither,,neither,,neither,,,,,,,,,,,,,,,,,,,,,,,,,,,,,,,,,,,,,,,,,,,,,,
SOLUSDT,level_breakout,S:support:7984:g1,"[""structural_level"",""S:support:7984:g1""]:failed:quote:1790455802453:2",short,True,,,False,False,,0,,,,,,True,,,False,False,,0,,,,,,True,,,False,False,,0,,,,,,neither,,neither,,neither,,neither,,,,,,,,,,,,,,,,,,,,,,,,,,,,,,,,,,,,,,,,,,,,,,
SOLUSDT,level_breakout,S:support:7993:g1,"[""structural_level"",""S:support:7993:g1""]:approach",short,True,,,False,False,,0,,,,,,True,,,False,False,,0,,,,,,True,,,False,False,,0,,,,,,neither,,neither,,neither,,neither,,,,,,,,,,,,,,,,,,,,,,,,,,,,,,,,,,,,,,,,,,,,,,
SOLUSDT,level_breakout,S:support:7993:g1,"[""structural_level"",""S:support:7993:g1""]:cross:quote:1790453368407:4",short,True,,,False,False,,0,,,,,,True,,,False,False,,0,,,,,,True,,,False,False,,0,,,,,,neither,,neither,,neither,,neither,,,,,,,,,,,,,,,,,,,,,,,,,,,,,,,,,,,,,,,,,,,,,,
SOLUSDT,level_breakout,S:support:7993:g1,"[""structural_level"",""S:support:7993:g1""]:cross:quote:1790455207676:5",short,True,,,False,False,,0,,,,,,True,,,False,False,,0,,,,,,True,,,False,False,,0,,,,,,neither,,neither,,neither,,neither,,,,,,,,,,,,,,,,,,,,,,,,,,,,,,,,,,,,,,,,,,,,,,
SOLUSDT,level_breakout,S:support:7993:g1,"[""structural_level"",""S:support:7993:g1""]:cross:quote:1790455216100:6",short,True,,,False,False,,0,,,,,,True,,,False,False,,0,,,,,,True,,,False,False,,0,,,,,,neither,,neither,,neither,,neither,,,,,,,,,,,,,,,,,,,,,,,,,,,,,,,,,,,,,,,,,,,,,,
SOLUSDT,level_breakout,S:support:7993:g1,"[""structural_level"",""S:support:7993:g1""]:cross:quote:1790455218949:7",short,True,,,False,False,,0,,,,,,True,,,False,False,,0,,,,,,True,,,False,False,,0,,,,,,neither,,neither,,neither,,neither,,,,,,,,,,,,,,,,,,,,,,,,,,,,,,,,,,,,,,,,,,,,,,
SOLUSDT,level_breakout,S:support:7993:g1,"[""structural_level"",""S:support:7993:g1""]:failed:quote:1790453368407:4",short,True,,,False,False,,0,,,,,,True,,,False,False,,0,,,,,,True,,,False,False,,0,,,,,,neither,,neither,,neither,,neither,,,,,,,,,,,,,,,,,,,,,,,,,,,,,,,,,,,,,,,,,,,,,,
SOLUSDT,level_breakout,S:support:7995:g1,"[""structural_level"",""S:support:7995:g1""]:approach",short,True,,,False,False,,0,,,,,,True,,,False,False,,0,,,,,,True,,,False,False,,0,,,,,,neither,,neither,,neither,,neither,,,,,,,,,,,,,,,,,,,,,,,,,,,,,,,,,,,,,,,,,,,,,,
SOLUSDT,level_breakout,S:support:7995:g1,"[""structural_level"",""S:support:7995:g1""]:cross:quote:1790451602421:1",short,True,,,False,False,,0,,,,,,True,,,False,False,,0,,,,,,True,,,False,False,,0,,,,,,neither,,neither,,neither,,neither,,,,,,,,,,,,,,,,,,,,,,,,,,,,,,,,,,,,,,,,,,,,,,
SOLUSDT,level_breakout,S:support:7995:g1,"[""structural_level"",""S:support:7995:g1""]:failed:quote:1790451602421:1",short,True,,,False,False,,0,,,,,,True,,,False,False,,0,,,,,,True,,,False,False,,0,,,,,,neither,,neither,,neither,,neither,,,,,,,,,,,,,,,,,,,,,,,,,,,,,,,,,,,,,,,,,,,,,,
SOLUSDT,weak_level_rejection,R:resistance:7989:g1,"[""structural_level"",""R:resistance:7989:g1""]:approach",short,True,,,False,False,,0,,,,,,True,,,False,False,,0,,,,,,True,,,False,False,,0,,,,,,neither,,neither,,neither,,neither,,,,,,,,,,,,,,,,,,,,,,,,,,,,,,,,,,,,,,,,,,,,,,
SOLUSDT,weak_level_rejection,R:resistance:7989:g1,"[""structural_level"",""R:resistance:7989:g1""]:cross:quote:1790456633847:1",short,True,,,False,False,,0,,,,,,False,,,,,,,,,,,,False,,,,,,,,,,,,neither,,neither,,neither,,neither,,,,,,,,,,,,,,,,,,,,,,,,,,,,,,,,,,,,,,,,,,,,,,
SOLUSDT,weak_level_rejection,R:resistance:7989:g1,"[""structural_level"",""R:resistance:7989:g1""]:cross:quote:1790456633893:1",short,False,,,,,,,,,,,,True,,,False,False,,0,,,,,,True,,,False,False,,0,,,,,,neither,,neither,,neither,,neither,,,,,,,,,,,,,,,,,,,,,,,,,,,,,,,,,,,,,,,,,,,,,,
SOLUSDT,weak_level_rejection,R:resistance:7993:g1,"[""structural_level"",""R:resistance:7993:g1""]:cross:quote:1790457411048:2",short,True,,,False,False,,0,,,,,,True,,,False,False,,0,,,,,,True,,,False,False,,0,,,,,,neither,,neither,,neither,,neither,,,,,,,,,,,,,,,,,,,,,,,,,,,,,,,,,,,,,,,,,,,,,,
SOLUSDT,weak_level_rejection,R:resistance:7993:g1,"[""structural_level"",""R:resistance:7993:g1""]:cross:quote:1790457418862:3",short,True,,,False,False,,0,,,,,,True,,,False,False,,0,,,,,,True,,,False,False,,0,,,,,,neither,,neither,,neither,,neither,,,,,,,,,,,,,,,,,,,,,,,,,,,,,,,,,,,,,,,,,,,,,,
SOLUSDT,weak_level_rejection,R:resistance:7993:g1,"[""structural_level"",""R:resistance:7993:g1""]:cross:quote:1790457432081:4",short,True,,,False,False,,0,,,,,,True,,,False,False,,0,,,,,,True,,,False,False,,0,,,,,,neither,,neither,,neither,,neither,,,,,,,,,,,,,,,,,,,,,,,,,,,,,,,,,,,,,,,,,,,,,,
SOLUSDT,weak_level_rejection,R:resistance:7993:g1,"[""structural_level"",""R:resistance:7993:g1""]:failed:quote:1790451038652:1",short,True,,,False,False,,0,,,,,,True,,,False,False,,0,,,,,,True,,,False,False,,0,,,,,,neither,,neither,,neither,,neither,,,,,,,,,,,,,,,,,,,,,,,,,,,,,,,,,,,,,,,,,,,,,,
SOLUSDT,weak_level_rejection,R:resistance:7993:g1,"[""structural_level"",""R:resistance:7993:g1""]:failed:quote:1790457418862:3",short,True,,,False,False,,0,,,20928841,1790457422935,120.83,True,,,False,False,,0,,,20928841,1790457422935,120.83,True,,,False,False,,0,,,20928841,1790457422935,120.83,neither,,neither,,neither,,neither,,,,,,,,,,,,,,,,,,,,,,,,,,,,,,,,,,,,,,,,,,,,,,
SOLUSDT,weak_level_rejection,R:resistance:7995:g1,"[""structural_level"",""R:resistance:7995:g1""]:approach",short,False,,,,,,,,,,,,True,,,False,False,,0,,,,,,True,,,False,False,,0,,,,,,neither,,neither,,neither,,neither,,,,,,,,,,,,,,,,,,,,,,,,,,,,,,,,,,,,,,,,,,,,,,
SOLUSDT,weak_level_rejection,R:resistance:7995:g1,"[""structural_level"",""R:resistance:7995:g1""]:cross:quote:1790453709224:1",short,True,,,False,False,,0,,,8410554,1790453949551,120.97,True,,,False,False,,0,,,8410554,1790453949551,120.97,True,,,False,False,,0,,,8410554,1790453949551,120.97,neither,,neither,,neither,,neither,,,,,,,,,,,,,,,,,,,,,,,,,,,,,,,,,,,,,,,,,,,,,,
SOLUSDT,weak_level_rejection,R:resistance:8004:g1,"[""structural_level"",""R:resistance:8004:g1""]:approach",short,False,,,,,,,,,,,,True,,,False,False,,0,,,,,,True,,,False,False,,0,,,,,,neither,,neither,,neither,,neither,,,,,,,,,,,,,,,,,,,,,,,,,,,,,,,,,,,,,,,,,,,,,,
SOLUSDT,weak_level_rejection,R:resistance:8004:g1,"[""structural_level"",""R:resistance:8004:g1""]:cross:quote:1790458500401:1",short,False,,,,,,,,,,,,True,,,False,False,,0,,,,,,True,,,False,False,,0,,,,,,neither,,neither,,neither,,neither,,,,,,,,,,,,,,,,,,,,,,,,,,,,,,,,,,,,,,,,,,,,,,
SOLUSDT,weak_level_rejection,R:resistance:8004:g1,"[""structural_level"",""R:resistance:8004:g1""]:failed:quote:1790458500401:1",short,False,,,,,,,,,,,,True,,,False,False,,0,,,,,,True,,,False,False,,0,,,,,,neither,,neither,,neither,,neither,,,,,,,,,,,,,,,,,,,,,,,,,,,,,,,,,,,,,,,,,,,,,,
SOLUSDT,weak_level_rejection,S:support:7979:g1,"[""structural_level"",""S:support:7979:g1""]:approach",long,False,,,,,,,,,,,,True,,,False,False,,0,,,,,,True,,,False,False,,0,,,,,,neither,,neither,,neither,,neither,,,,,,,,,,,,,,,,,,,,,,,,,,,,,,,,,,,,,,,,,,,,,,
SOLUSDT,weak_level_rejection,S:support:7989:g1,"[""structural_level"",""S:support:7989:g1""]:approach",long,True,,,False,False,,0,,,,,,True,,,False,False,,0,,,,,,True,,,False,False,,0,,,,,,neither,,neither,,neither,,neither,,,,,,,,,,,,,,,,,,,,,,,,,,,,,,,,,,,,,,,,,,,,,,
SOLUSDT,weak_level_rejection,S:support:7992:g1,"[""structural_level"",""S:support:7992:g1""]:failed:quote:1790453360159:1",long,True,,,False,False,,0,,,6629070,1790453373561,120.8,True,,,False,False,,0,,,6629070,1790453373561,120.8,True,,,False,False,,0,,,6629070,1790453373561,120.8,neither,,neither,,neither,,neither,,,,,,,,,,,,,,,,,,,,,,,,,,,,,,,,,,,,,,,,,,,,,,
XRPUSDT,level_breakout,R:resistance:703:g1,"[""structural_level"",""R:resistance:703:g1""]:approach",long,True,,,False,False,,0,,,,,,True,,,False,False,,0,,,,,,True,,,False,False,,0,,,,,,neither,,neither,,neither,,neither,,,,,,,,,,,,,,,,,,,,,,,,,,,,,,,,,,,,,,,,,,,,,,
XRPUSDT,level_breakout,R:resistance:703:g1,"[""structural_level"",""R:resistance:703:g1""]:cross:quote:1790458473565:1",long,True,,,False,False,,0,,,,,,True,,,False,False,,0,,,,,,True,,,False,False,,0,,,,,,neither,,neither,,neither,,neither,,,,,,,,,,,,,,,,,,,,,,,,,,,,,,,,,,,,,,,,,,,,,,
XRPUSDT,level_breakout,R:resistance:703:g1,"[""structural_level"",""R:resistance:703:g1""]:cross:quote:1790458478042:2",long,True,,,False,False,,0,,,,,,True,,,False,False,,0,,,,,,True,,,False,False,,0,,,,,,neither,,neither,,neither,,neither,,,,,,,,,,,,,,,,,,,,,,,,,,,,,,,,,,,,,,,,,,,,,,
XRPUSDT,level_breakout,R:resistance:703:g1,"[""structural_level"",""R:resistance:703:g1""]:cross:quote:1790458489766:3",long,True,,,False,False,,0,,,,,,True,,,False,False,,0,,,,,,True,,,False,False,,0,,,,,,neither,,neither,,neither,,neither,,,,,,,,,,,,,,,,,,,,,,,,,,,,,,,,,,,,,,,,,,,,,,
XRPUSDT,level_breakout,R:resistance:703:g1,"[""structural_level"",""R:resistance:703:g1""]:cross:quote:1790458494088:4",long,True,565668686383403,25630039,False,False,economic_safety: absolute_net_reward_risk: net reward/risk 0.6390 < hard minimum 1.0000 | economic_safety: impulse first take cannot cover planned costs/profit floor,0,,,,,,True,565668686383403,25630039,False,False,economic_safety: absolute_net_reward_risk: net reward/risk 0.6390 < hard minimum 1.0000 | economic_safety: impulse first take cannot cover planned costs/profit floor,0,,,,,,True,565668686383403,25630039,False,False,economic_safety: absolute_net_reward_risk: net reward/risk 0.6390 < hard minimum 1.0000 | economic_safety: impulse first take cannot cover planned costs/profit floor,0,,,,,,retained,0.0,neither,0.0,retained,0.0,neither,0.0,covered_top_of_book,1.5271,25629104,60,-9.822539453865726,-0.6548359635910483,-13.751555235413468,-22.822539453865726,13,,covered_top_of_book,1.5271,25629104,60,-9.822539453865726,-0.6548359635910483,-13.751555235413468,-22.822539453865726,13,,covered_top_of_book,1.5271,25629104,60,-9.822539453865726,-0.6548359635910483,-13.751555235413468,-22.822539453865726,13,,,,,,,,,,,,,,,,
XRPUSDT,level_breakout,S:day_low:2026-09-26:g1,"[""structural_level"",""S:day_low:2026-09-26:g1""]:cross:quote:1790453356514:2",short,True,560569920683201,6731099,False,False,economic_safety: impulse first take cannot cover planned costs/profit floor,0,,,,,,True,560527745356600,6549992,False,False,economic_safety: impulse first take cannot cover planned costs/profit floor | price left frozen entry area; no chase after risk refusal,0,,,,,,True,560527745356600,6549992,False,False,economic_safety: impulse first take cannot cover planned costs/profit floor | price left frozen entry area; no chase after risk refusal,0,,,,,,retained,-42175.326601,neither,19.1281128783215,retained,0.0,neither,0.0,covered_top_of_book,1.5159,6731066,60,-18.470875387557978,-0.6596741209841611,-19.7902236295263,-31.470875387557978,13,,covered_top_of_book,1.5161,6549705,60,-2.6383483939051247,18.46843875733734,-5.276696787810249,-15.638348393905124,13,,covered_top_of_book,1.5161,6549705,60,-2.6383483939051247,18.46843875733734,-5.276696787810249,-15.638348393905124,13,,,,,,,,,,,,,,,,
XRPUSDT,level_breakout,S:day_low:2026-09-26:g1,"[""structural_level"",""S:day_low:2026-09-26:g1""]:cross:quote:1790455199897:3",short,False,,,,,,,,,,,,True,,,False,False,,0,,,,,,True,,,False,False,,0,,,,,,neither,,neither,,neither,,neither,,,,,,,,,,,,,,,,,,,,,,,,,,,,,,,,,,,,,,,,,,,,,,
XRPUSDT,level_breakout,S:day_low:2026-09-26:g1,"[""structural_level"",""S:day_low:2026-09-26:g1""]:cross:quote:1790455200048:4",short,False,,,,,,,,,,,,True,,,False,False,,0,,,,,,True,,,False,False,,0,,,,,,neither,,neither,,neither,,neither,,,,,,,,,,,,,,,,,,,,,,,,,,,,,,,,,,,,,,,,,,,,,,
XRPUSDT,level_breakout,S:day_low:2026-09-26:g1,"[""structural_level"",""S:day_low:2026-09-26:g1""]:cross:quote:1790455200198:5",short,False,,,,,,,,,,,,True,,,False,False,,0,,,,,,True,,,False,False,,0,,,,,,neither,,neither,,neither,,neither,,,,,,,,,,,,,,,,,,,,,,,,,,,,,,,,,,,,,,,,,,,,,,
XRPUSDT,level_breakout,S:day_low:2026-09-26:g1,"[""structural_level"",""S:day_low:2026-09-26:g1""]:cross:quote:1790455204681:6",short,False,,,,,,,,,,,,True,,,False,False,,0,,,,,,True,,,False,False,,0,,,,,,neither,,neither,,neither,,neither,,,,,,,,,,,,,,,,,,,,,,,,,,,,,,,,,,,,,,,,,,,,,,
XRPUSDT,level_breakout,S:day_low:2026-09-26:g1,"[""structural_level"",""S:day_low:2026-09-26:g1""]:cross:quote:1790455206110:7",short,False,,,,,,,,,,,,True,,,False,False,,0,,,,,,True,,,False,False,,0,,,,,,neither,,neither,,neither,,neither,,,,,,,,,,,,,,,,,,,,,,,,,,,,,,,,,,,,,,,,,,,,,,
XRPUSDT,level_breakout,S:day_low:2026-09-26:g1,"[""structural_level"",""S:day_low:2026-09-26:g1""]:cross:quote:1790455223450:8",short,True,562397928132300,12536792,False,False,,0,,,,,,True,562393887562999,12499751,False,False,economic_safety: impulse first take cannot cover planned costs/profit floor,0,,,,,,True,562393887562999,12499751,False,False,economic_safety: impulse first take cannot cover planned costs/profit floor,0,,,,,,retained,-4040.569301,neither,7.268373596515026,retained,0.0,neither,0.0,covered_top_of_book,1.5098,12536743,60,-7.9480725923954685,16.55848456749203,-19.87018148099014,-20.94807259239547,13,,covered_top_of_book,1.5109,12497583,60,5.294857369779018,23.826858164007056,-12.575286253226638,-7.705142630220982,13,,covered_top_of_book,1.5109,12497583,60,5.294857369779018,23.826858164007056,-12.575286253226638,-7.705142630220982,13,,,,,,,,,,,,,,,,
XRPUSDT,level_breakout,S:day_low:2026-09-26:g1,"[""structural_level"",""S:day_low:2026-09-26:g1""]:cross:quote:1790455237357:9",short,False,,,,,,,,,,,,True,,,False,False,,0,,,,,,True,,,False,False,,0,,,,,,neither,,neither,,neither,,neither,,,,,,,,,,,,,,,,,,,,,,,,,,,,,,,,,,,,,,,,,,,,,,
XRPUSDT,level_breakout,S:day_low:2026-09-26:g1,"[""structural_level"",""S:day_low:2026-09-26:g1""]:cross:quote:1790455237911:10",short,False,,,,,,,,,,,,True,,,False,False,,0,,,,,,True,,,False,False,,0,,,,,,neither,,neither,,neither,,neither,,,,,,,,,,,,,,,,,,,,,,,,,,,,,,,,,,,,,,,,,,,,,,
XRPUSDT,level_breakout,S:day_low:2026-09-26:g1,"[""structural_level"",""S:day_low:2026-09-26:g1""]:cross:quote:1790455238117:11",short,False,,,,,,,,,,,,True,,,False,False,,0,,,,,,True,,,False,False,,0,,,,,,neither,,neither,,neither,,neither,,,,,,,,,,,,,,,,,,,,,,,,,,,,,,,,,,,,,,,,,,,,,,
XRPUSDT,level_breakout,S:day_low:2026-09-26:g1,"[""structural_level"",""S:day_low:2026-09-26:g1""]:cross:quote:1790455240980:12",short,True,,,False,False,,0,,,,,,True,,,False,False,,0,,,,,,True,,,False,False,,0,,,,,,neither,,neither,,neither,,neither,,,,,,,,,,,,,,,,,,,,,,,,,,,,,,,,,,,,,,,,,,,,,,
XRPUSDT,level_breakout,S:day_low:2026-09-26:g1,"[""structural_level"",""S:day_low:2026-09-26:g1""]:cross:quote:1790455249858:13",short,False,,,,,,,,,,,,True,562429789950700,12756872,False,False,,0,,,,,,True,562429789950700,12756872,False,False,,0,,,,,,new,,neither,,retained,0.0,neither,0.0,,,,,,,,,,,covered_top_of_book,1.5086,12756872,60,-16.57165583985264,8.61726103672184,-19.885987007822575,-29.57165583985264,13,,covered_top_of_book,1.5086,12756872,60,-16.57165583985264,8.61726103672184,-19.885987007822575,-29.57165583985264,13,,,,,,,,,,,,,,,,
XRPUSDT,level_breakout,S:day_low:2026-09-26:g1,"[""structural_level"",""S:day_low:2026-09-26:g1""]:cross:quote:1790455357629:14",short,False,,,,,,,,,,,,True,,,False,False,,0,,,,,,True,,,False,False,,0,,,,,,neither,,neither,,neither,,neither,,,,,,,,,,,,,,,,,,,,,,,,,,,,,,,,,,,,,,,,,,,,,,
XRPUSDT,level_breakout,S:day_low:2026-09-26:g1,"[""structural_level"",""S:day_low:2026-09-26:g1""]:cross:quote:1790455362197:15",short,False,,,,,,,,,,,,True,,,False,False,,0,,,,,,True,,,False,False,,0,,,,,,neither,,neither,,neither,,neither,,,,,,,,,,,,,,,,,,,,,,,,,,,,,,,,,,,,,,,,,,,,,,
XRPUSDT,level_breakout,S:day_low:2026-09-26:g1,"[""structural_level"",""S:day_low:2026-09-26:g1""]:cross:quote:1790455363930:16",short,False,,,,,,,,,,,,True,,,False,False,,0,,,,,,True,,,False,False,,0,,,,,,neither,,neither,,neither,,neither,,,,,,,,,,,,,,,,,,,,,,,,,,,,,,,,,,,,,,,,,,,,,,
XRPUSDT,level_breakout,S:day_low:2026-09-26:g1,"[""structural_level"",""S:day_low:2026-09-26:g1""]:cross:quote:1790455364140:17",short,False,,,,,,,,,,,,True,,,False,False,,0,,,,,,True,,,False,False,,0,,,,,,neither,,neither,,neither,,neither,,,,,,,,,,,,,,,,,,,,,,,,,,,,,,,,,,,,,,,,,,,,,,
XRPUSDT,level_breakout,S:day_low:2026-09-26:g1,"[""structural_level"",""S:day_low:2026-09-26:g1""]:cross:quote:1790455366360:18",short,True,,,False,False,,0,,,,,,True,,,False,False,,0,,,,,,True,,,False,False,,0,,,,,,neither,,neither,,neither,,neither,,,,,,,,,,,,,,,,,,,,,,,,,,,,,,,,,,,,,,,,,,,,,,
XRPUSDT,level_breakout,S:day_low:2026-09-26:g1,"[""structural_level"",""S:day_low:2026-09-26:g1""]:cross:quote:1790455648813:19",short,False,,,,,,,,,,,,True,,,False,False,,0,,,,,,True,,,False,False,,0,,,,,,neither,,neither,,neither,,neither,,,,,,,,,,,,,,,,,,,,,,,,,,,,,,,,,,,,,,,,,,,,,,
XRPUSDT,level_breakout,S:day_low:2026-09-26:g1,"[""structural_level"",""S:day_low:2026-09-26:g1""]:cross:quote:1790455654612:20",short,False,,,,,,,,,,,,True,,,False,False,,0,,,,,,True,,,False,False,,0,,,,,,neither,,neither,,neither,,neither,,,,,,,,,,,,,,,,,,,,,,,,,,,,,,,,,,,,,,,,,,,,,,
XRPUSDT,level_breakout,S:day_low:2026-09-26:g1,"[""structural_level"",""S:day_low:2026-09-26:g1""]:failed:quote:1790455199897:3",short,False,,,,,,,,,,,,True,,,False,False,,0,,,,,,True,,,False,False,,0,,,,,,neither,,neither,,neither,,neither,,,,,,,,,,,,,,,,,,,,,,,,,,,,,,,,,,,,,,,,,,,,,,
XRPUSDT,level_breakout,S:day_low:2026-09-26:g1,"[""structural_level"",""S:day_low:2026-09-26:g1""]:failed:quote:1790455206110:7",short,False,,,,,,,,,,,,True,,,False,False,,0,,,,,,True,,,False,False,,0,,,,,,neither,,neither,,neither,,neither,,,,,,,,,,,,,,,,,,,,,,,,,,,,,,,,,,,,,,,,,,,,,,
XRPUSDT,level_breakout,S:day_low:2026-09-26:g1,"[""structural_level"",""S:day_low:2026-09-26:g1""]:failed:quote:1790455238117:11",short,False,,,,,,,,,,,,True,,,False,False,,0,,,,,,True,,,False,False,,0,,,,,,neither,,neither,,neither,,neither,,,,,,,,,,,,,,,,,,,,,,,,,,,,,,,,,,,,,,,,,,,,,,
XRPUSDT,level_breakout,S:day_low:2026-09-26:g1,"[""structural_level"",""S:day_low:2026-09-26:g1""]:failed:quote:1790455240980:12",short,False,,,,,,,,,,,,True,,,False,False,,0,,,,,,True,,,False,False,,0,,,,,,neither,,neither,,neither,,neither,,,,,,,,,,,,,,,,,,,,,,,,,,,,,,,,,,,,,,,,,,,,,,
XRPUSDT,level_breakout,S:day_low:2026-09-26:g1,"[""structural_level"",""S:day_low:2026-09-26:g1""]:failed:quote:1790455249858:13",short,False,,,,,,,,,,,,True,,,False,False,,0,,,,,,True,,,False,False,,0,,,,,,neither,,neither,,neither,,neither,,,,,,,,,,,,,,,,,,,,,,,,,,,,,,,,,,,,,,,,,,,,,,
XRPUSDT,level_breakout,S:day_low:2026-09-26:g1,"[""structural_level"",""S:day_low:2026-09-26:g1""]:failed:quote:1790455364140:17",short,False,,,,,,,,,,,,True,,,False,False,,0,,,,,,True,,,False,False,,0,,,,,,neither,,neither,,neither,,neither,,,,,,,,,,,,,,,,,,,,,,,,,,,,,,,,,,,,,,,,,,,,,,
XRPUSDT,level_breakout,S:day_low:2026-09-26:g1,"[""structural_level"",""S:day_low:2026-09-26:g1""]:failed:quote:1790455366360:18",short,False,,,,,,,,,,,,True,,,False,False,,0,,,,,,True,,,False,False,,0,,,,,,neither,,neither,,neither,,neither,,,,,,,,,,,,,,,,,,,,,,,,,,,,,,,,,,,,,,,,,,,,,,
XRPUSDT,level_breakout,S:previous_day_low:696:g1,"[""structural_level"",""S:previous_day_low:696:g1""]:approach",short,True,,,False,False,,0,,,,,,True,,,False,False,,0,,,,,,True,,,False,False,,0,,,,,,neither,,neither,,neither,,neither,,,,,,,,,,,,,,,,,,,,,,,,,,,,,,,,,,,,,,,,,,,,,,
XRPUSDT,level_breakout,S:previous_day_low:696:g1,"[""structural_level"",""S:previous_day_low:696:g1""]:cross:quote:1790453348133:1",short,True,,,False,False,,0,,,,,,True,,,False,False,,0,,,,,,True,,,False,False,,0,,,,,,neither,,neither,,neither,,neither,,,,,,,,,,,,,,,,,,,,,,,,,,,,,,,,,,,,,,,,,,,,,,
XRPUSDT,level_breakout,S:previous_day_low:696:g1,"[""structural_level"",""S:previous_day_low:696:g1""]:cross:quote:1790453352864:2",short,False,,,,,,,,,,,,True,560524074979100,6526122,False,False,economic_safety: impulse first take cannot cover planned costs/profit floor,0,,,,,,True,560524074979100,6526122,False,False,economic_safety: impulse first take cannot cover planned costs/profit floor,0,,,,,,new,,neither,,retained,0.0,neither,0.0,,,,,,,,,,,covered_top_of_book,1.5169,6525974,60,0.6592392379193683,23.732612565098727,-4.614674665437042,-12.340760762080631,13,,covered_top_of_book,1.5169,6525974,60,0.6592392379193683,23.732612565098727,-4.614674665437042,-12.340760762080631,13,,,,,,,,,,,,,,,,
XRPUSDT,level_breakout,S:previous_day_low:696:g1,"[""structural_level"",""S:previous_day_low:696:g1""]:failed:quote:1790453348133:1",short,False,,,,,,,,,,,,True,,,False,False,,0,,,,,,True,,,False,False,,0,,,,,,neither,,neither,,neither,,neither,,,,,,,,,,,,,,,,,,,,,,,,,,,,,,,,,,,,,,,,,,,,,,
XRPUSDT,weak_level_rejection,R:resistance:684:g2,"[""structural_level"",""R:resistance:684:g2""]:cross:quote:1790455949899:1",short,True,,,False,False,,0,,,,,,True,,,False,False,,0,,,,,,True,,,False,False,,0,,,,,,neither,,neither,,neither,,neither,,,,,,,,,,,,,,,,,,,,,,,,,,,,,,,,,,,,,,,,,,,,,,
XRPUSDT,weak_level_rejection,R:resistance:684:g2,"[""structural_level"",""R:resistance:684:g2""]:cross:quote:1790455962999:2",short,True,,,False,False,,0,,,,,,True,,,False,False,,0,,,,,,True,,,False,False,,0,,,,,,neither,,neither,,neither,,neither,,,,,,,,,,,,,,,,,,,,,,,,,,,,,,,,,,,,,,,,,,,,,,
XRPUSDT,weak_level_rejection,R:resistance:684:g2,"[""structural_level"",""R:resistance:684:g2""]:cross:quote:1790455964498:3",short,True,,,False,False,,0,,,,,,True,,,False,False,,0,,,,,,True,,,False,False,,0,,,,,,neither,,neither,,neither,,neither,,,,,,,,,,,,,,,,,,,,,,,,,,,,,,,,,,,,,,,,,,,,,,
XRPUSDT,weak_level_rejection,R:resistance:684:g2,"[""structural_level"",""R:resistance:684:g2""]:failed:bar:1790455620000",short,True,,,False,False,,0,,,,,,True,,,False,False,,0,,,,,,True,,,False,False,,0,,,,,,neither,,neither,,neither,,neither,,,,,,,,,,,,,,,,,,,,,,,,,,,,,,,,,,,,,,,,,,,,,,
XRPUSDT,weak_level_rejection,R:resistance:690:g1,"[""structural_level"",""R:resistance:690:g1""]:approach",short,True,,,False,False,,0,,,,,,True,,,False,False,,0,,,,,,True,,,False,False,,0,,,,,,neither,,neither,,neither,,neither,,,,,,,,,,,,,,,,,,,,,,,,,,,,,,,,,,,,,,,,,,,,,,
XRPUSDT,weak_level_rejection,R:resistance:690:g1,"[""structural_level"",""R:resistance:690:g1""]:cross:quote:1790456526725:1",short,True,,,False,False,,0,,,,,,True,,,False,False,,0,,,,,,True,,,False,False,,0,,,,,,neither,,neither,,neither,,neither,,,,,,,,,,,,,,,,,,,,,,,,,,,,,,,,,,,,,,,,,,,,,,
XRPUSDT,weak_level_rejection,R:resistance:690:g1,"[""structural_level"",""R:resistance:690:g1""]:cross:quote:1790456528997:2",short,True,,,False,False,,0,,,,,,True,,,False,False,,0,,,,,,True,,,False,False,,0,,,,,,neither,,neither,,neither,,neither,,,,,,,,,,,,,,,,,,,,,,,,,,,,,,,,,,,,,,,,,,,,,,
XRPUSDT,weak_level_rejection,R:resistance:690:g1,"[""structural_level"",""R:resistance:690:g1""]:cross:quote:1790456530106:3",short,True,,,False,False,,0,,,17904215,1790456534775,1.5127,True,,,False,False,,0,,,17904215,1790456534775,1.5127,True,,,False,False,,0,,,17904215,1790456534775,1.5127,neither,,neither,,neither,,neither,,,,,,,,,,,,,,,,,,,,,,,,,,,,,,,,,,,,,,,,,,,,,,
XRPUSDT,weak_level_rejection,R:resistance:690:g1,"[""structural_level"",""R:resistance:690:g1""]:cross:quote:1790456536645:4",short,True,,,False,False,,0,,,,,,True,,,False,False,,0,,,,,,True,,,False,False,,0,,,,,,neither,,neither,,neither,,neither,,,,,,,,,,,,,,,,,,,,,,,,,,,,,,,,,,,,,,,,,,,,,,
XRPUSDT,weak_level_rejection,R:resistance:690:g1,"[""structural_level"",""R:resistance:690:g1""]:cross:quote:1790456538967:5",short,True,,,False,False,,0,,,,,,True,,,False,False,,0,,,,,,True,,,False,False,,0,,,,,,neither,,neither,,neither,,neither,,,,,,,,,,,,,,,,,,,,,,,,,,,,,,,,,,,,,,,,,,,,,,
XRPUSDT,weak_level_rejection,R:resistance:690:g1,"[""structural_level"",""R:resistance:690:g1""]:cross:quote:1790456545671:6",short,True,,,False,False,,0,,,,,,True,,,False,False,,0,,,,,,True,,,False,False,,0,,,,,,neither,,neither,,neither,,neither,,,,,,,,,,,,,,,,,,,,,,,,,,,,,,,,,,,,,,,,,,,,,,
XRPUSDT,weak_level_rejection,R:resistance:690:g1,"[""structural_level"",""R:resistance:690:g1""]:cross:quote:1790456550051:7",short,True,,,False,False,,0,,,,,,True,,,False,False,,0,,,,,,True,,,False,False,,0,,,,,,neither,,neither,,neither,,neither,,,,,,,,,,,,,,,,,,,,,,,,,,,,,,,,,,,,,,,,,,,,,,
XRPUSDT,weak_level_rejection,R:resistance:690:g1,"[""structural_level"",""R:resistance:690:g1""]:failed:quote:1790456538967:5",short,True,,,False,False,,0,,,,,,True,,,False,False,,0,,,,,,True,,,False,False,,0,,,,,,neither,,neither,,neither,,neither,,,,,,,,,,,,,,,,,,,,,,,,,,,,,,,,,,,,,,,,,,,,,,
XRPUSDT,weak_level_rejection,R:resistance:690:g1,"[""structural_level"",""R:resistance:690:g1""]:failed:quote:1790456550051:7",short,True,,,False,False,,0,,,18081595,1790456583538,1.5127,True,,,False,False,,0,,,18081595,1790456583538,1.5127,True,,,False,False,,0,,,18081595,1790456583538,1.5127,neither,,neither,,neither,,neither,,,,,,,,,,,,,,,,,,,,,,,,,,,,,,,,,,,,,,,,,,,,,,
XRPUSDT,weak_level_rejection,R:resistance:694:g1,"[""structural_level"",""R:resistance:694:g1""]:approach",short,True,,,False,False,,0,,,,,,True,,,False,False,,0,,,,,,True,,,False,False,,0,,,,,,neither,,neither,,neither,,neither,,,,,,,,,,,,,,,,,,,,,,,,,,,,,,,,,,,,,,,,,,,,,,
XRPUSDT,weak_level_rejection,R:resistance:694:g1,"[""structural_level"",""R:resistance:694:g1""]:cross:quote:1790457181854:1",short,True,,,False,False,,0,,,,,,True,,,False,False,,0,,,,,,True,,,False,False,,0,,,,,,neither,,neither,,neither,,neither,,,,,,,,,,,,,,,,,,,,,,,,,,,,,,,,,,,,,,,,,,,,,,
XRPUSDT,weak_level_rejection,R:resistance:694:g1,"[""structural_level"",""R:resistance:694:g1""]:failed:quote:1790457181854:1",short,True,,,False,False,,0,,,20250676,1790457217959,1.5166,True,,,False,False,,0,,,20250676,1790457217959,1.5166,True,,,False,False,,0,,,20250676,1790457217959,1.5166,neither,,neither,,neither,,neither,,,,,,,,,,,,,,,,,,,,,,,,,,,,,,,,,,,,,,,,,,,,,,
XRPUSDT,weak_level_rejection,R:resistance:694:g1,"[""structural_level"",""R:resistance:694:g1""]:failed:quote:1790457275238:2",short,True,,,False,False,,0,,,20529434,1790457301042,1.5166,True,,,False,False,,0,,,20529434,1790457301042,1.5166,True,,,False,False,,0,,,20529434,1790457301042,1.5166,neither,,neither,,neither,,neither,,,,,,,,,,,,,,,,,,,,,,,,,,,,,,,,,,,,,,,,,,,,,,
XRPUSDT,weak_level_rejection,R:resistance:694:g1,"[""structural_level"",""R:resistance:694:g1""]:failed:quote:1790457312551:3",short,True,,,False,False,,0,,,20616449,1790457327160,1.5166,True,,,False,False,,0,,,20616449,1790457327160,1.5166,True,,,False,False,,0,,,20616449,1790457327160,1.5166,neither,,neither,,neither,,neither,,,,,,,,,,,,,,,,,,,,,,,,,,,,,,,,,,,,,,,,,,,,,,
XRPUSDT,weak_level_rejection,R:resistance:698:g1,"[""structural_level"",""R:resistance:698:g1""]:approach",short,True,,,False,False,,0,,,,,,True,,,False,False,,0,,,,,,True,,,False,False,,0,,,,,,neither,,neither,,neither,,neither,,,,,,,,,,,,,,,,,,,,,,,,,,,,,,,,,,,,,,,,,,,,,,
XRPUSDT,weak_level_rejection,R:resistance:698:g1,"[""structural_level"",""R:resistance:698:g1""]:cross:quote:1790454316982:1",short,True,,,False,False,,0,,,,,,True,,,False,False,,0,,,,,,True,,,False,False,,0,,,,,,neither,,neither,,neither,,neither,,,,,,,,,,,,,,,,,,,,,,,,,,,,,,,,,,,,,,,,,,,,,,
XRPUSDT,weak_level_rejection,R:resistance:698:g1,"[""structural_level"",""R:resistance:698:g1""]:cross:quote:1790454317560:2",short,True,,,False,False,,0,,,,,,True,,,False,False,,0,,,,,,True,,,False,False,,0,,,,,,neither,,neither,,neither,,neither,,,,,,,,,,,,,,,,,,,,,,,,,,,,,,,,,,,,,,,,,,,,,,
XRPUSDT,weak_level_rejection,R:resistance:698:g1,"[""structural_level"",""R:resistance:698:g1""]:cross:quote:1790454352787:3",short,True,,,False,False,,0,,,,,,True,,,False,False,,0,,,,,,True,,,False,False,,0,,,,,,neither,,neither,,neither,,neither,,,,,,,,,,,,,,,,,,,,,,,,,,,,,,,,,,,,,,,,,,,,,,
XRPUSDT,weak_level_rejection,R:resistance:698:g1,"[""structural_level"",""R:resistance:698:g1""]:cross:quote:1790454375902:4",short,True,,,False,False,,0,,,,,,True,,,False,False,,0,,,,,,True,,,False,False,,0,,,,,,neither,,neither,,neither,,neither,,,,,,,,,,,,,,,,,,,,,,,,,,,,,,,,,,,,,,,,,,,,,,
XRPUSDT,weak_level_rejection,R:resistance:698:g1,"[""structural_level"",""R:resistance:698:g1""]:cross:quote:1790454478018:5",short,True,,,False,False,,0,,,,,,True,,,False,False,,0,,,,,,True,,,False,False,,0,,,,,,neither,,neither,,neither,,neither,,,,,,,,,,,,,,,,,,,,,,,,,,,,,,,,,,,,,,,,,,,,,,
XRPUSDT,weak_level_rejection,R:resistance:698:g1,"[""structural_level"",""R:resistance:698:g1""]:cross:quote:1790454479081:6",short,True,,,False,False,,0,,,,,,True,,,False,False,,0,,,,,,True,,,False,False,,0,,,,,,neither,,neither,,neither,,neither,,,,,,,,,,,,,,,,,,,,,,,,,,,,,,,,,,,,,,,,,,,,,,
XRPUSDT,weak_level_rejection,R:resistance:698:g2,"[""structural_level"",""R:resistance:698:g2""]:approach",short,True,,,False,False,,0,,,,,,True,,,False,False,,0,,,,,,True,,,False,False,,0,,,,,,neither,,neither,,neither,,neither,,,,,,,,,,,,,,,,,,,,,,,,,,,,,,,,,,,,,,,,,,,,,,
XRPUSDT,weak_level_rejection,R:resistance:699:g1,"[""structural_level"",""R:resistance:699:g1""]:approach",short,True,,,False,False,,0,,,,,,True,,,False,False,,0,,,,,,True,,,False,False,,0,,,,,,neither,,neither,,neither,,neither,,,,,,,,,,,,,,,,,,,,,,,,,,,,,,,,,,,,,,,,,,,,,,
XRPUSDT,weak_level_rejection,R:resistance:702:g1,"[""structural_level"",""R:resistance:702:g1""]:approach",short,True,,,False,False,assigned_object_no_longer_preparable,0,,,,,,True,,,False,False,assigned_object_no_longer_preparable,0,,,,,,True,,,False,False,assigned_object_no_longer_preparable,0,,,,,,neither,,neither,,neither,,neither,,,,,,,,,,,,,,,,,,,,,,,,,,,,,,,,,,,,,,,,,,,,,,
XRPUSDT,weak_level_rejection,S:day_low:2026-09-26:g1,"[""structural_level"",""S:day_low:2026-09-26:g1""]:failed:quote:1790453356514:2",long,True,,,False,False,,0,,,,,,True,,,False,False,,0,,,,,,True,,,False,False,,0,,,,,,neither,,neither,,neither,,neither,,,,,,,,,,,,,,,,,,,,,,,,,,,,,,,,,,,,,,,,,,,,,,
XRPUSDT,weak_level_rejection,S:day_low:2026-09-26:g1,"[""structural_level"",""S:day_low:2026-09-26:g1""]:failed:quote:1790455199897:3",long,True,,,False,False,,0,,,12318600,1790455199998,1.5127,True,,,False,False,,0,,,12318600,1790455199998,1.5127,True,,,False,False,,0,,,12318600,1790455199998,1.5127,neither,,neither,,neither,,neither,,,,,,,,,,,,,,,,,,,,,,,,,,,,,,,,,,,,,,,,,,,,,,
XRPUSDT,weak_level_rejection,S:day_low:2026-09-26:g1,"[""structural_level"",""S:day_low:2026-09-26:g1""]:failed:quote:1790455200198:5",long,True,,,False,False,,0,,,12321865,1790455200248,1.5128,True,,,False,False,,0,,,12321865,1790455200248,1.5128,True,,,False,False,,0,,,12321865,1790455200248,1.5128,neither,,neither,,neither,,neither,,,,,,,,,,,,,,,,,,,,,,,,,,,,,,,,,,,,,,,,,,,,,,
XRPUSDT,weak_level_rejection,S:day_low:2026-09-26:g1,"[""structural_level"",""S:day_low:2026-09-26:g1""]:failed:quote:1790455204681:6",long,True,,,False,False,,0,,,12366339,1790455205233,1.5128,True,,,False,False,,0,,,12366339,1790455205233,1.5128,True,,,False,False,,0,,,12366339,1790455205233,1.5128,neither,,neither,,neither,,neither,,,,,,,,,,,,,,,,,,,,,,,,,,,,,,,,,,,,,,,,,,,,,,
XRPUSDT,weak_level_rejection,S:day_low:2026-09-26:g1,"[""structural_level"",""S:day_low:2026-09-26:g1""]:failed:quote:1790455206110:7",long,True,562378222276604,12402724,False,False,economic_gate: winner_cost_share 0.497 > maximum 0.350 | economic_gate: winner_cost_share 0.502 > maximum 0.350 | economic_gate: winner_cost_share 0.505 > maximum 0.350 | economic_gate: winner_cost_share 0.506 > maximum 0.350 | economic_gate: winner_cost_share 0.513 > maximum 0.350 | economic_gate: winner_cost_share 0.516 > maximum 0.350 | economic_gate: winner_cost_share 0.521 > maximum 0.350 | economic_gate: winner_cost_share 0.528 > maximum 0.350 | economic_gate: winner_cost_share 0.530 > maximum 0.350 | economic_gate: winner_cost_share 0.535 > maximum 0.350 | economic_gate: winner_cost_share 0.542 > maximum 0.350 | economic_gate: winner_cost_share 0.543 > maximum 0.350 | economic_gate: winner_cost_share 0.544 > maximum 0.350 | economic_gate: winner_cost_share 0.548 > maximum 0.350,0,,,12383068,1790455207480,1.5127,True,562378222276604,12402724,False,False,economic_gate: winner_cost_share 0.497 > maximum 0.350 | economic_gate: winner_cost_share 0.502 > maximum 0.350 | economic_gate: winner_cost_share 0.505 > maximum 0.350 | economic_gate: winner_cost_share 0.506 > maximum 0.350 | economic_gate: winner_cost_share 0.513 > maximum 0.350 | economic_gate: winner_cost_share 0.516 > maximum 0.350 | economic_gate: winner_cost_share 0.521 > maximum 0.350 | economic_gate: winner_cost_share 0.528 > maximum 0.350 | economic_gate: winner_cost_share 0.530 > maximum 0.350 | economic_gate: winner_cost_share 0.535 > maximum 0.350 | economic_gate: winner_cost_share 0.542 > maximum 0.350 | economic_gate: winner_cost_share 0.543 > maximum 0.350 | economic_gate: winner_cost_share 0.544 > maximum 0.350 | economic_gate: winner_cost_share 0.548 > maximum 0.350,0,,,12383068,1790455207480,1.5127,True,562378222276604,12402724,False,False,economic_gate: winner_cost_share 0.497 > maximum 0.350 | economic_gate: winner_cost_share 0.502 > maximum 0.350 | economic_gate: winner_cost_share 0.505 > maximum 0.350 | economic_gate: winner_cost_share 0.506 > maximum 0.350 | economic_gate: winner_cost_share 0.513 > maximum 0.350 | economic_gate: winner_cost_share 0.516 > maximum 0.350 | economic_gate: winner_cost_share 0.521 > maximum 0.350 | economic_gate: winner_cost_share 0.528 > maximum 0.350 | economic_gate: winner_cost_share 0.530 > maximum 0.350 | economic_gate: winner_cost_share 0.535 > maximum 0.350 | economic_gate: winner_cost_share 0.542 > maximum 0.350 | economic_gate: winner_cost_share 0.543 > maximum 0.350 | economic_gate: winner_cost_share 0.544 > maximum 0.350 | economic_gate: winner_cost_share 0.548 > maximum 0.350,0,,,12383068,1790455207480,1.5127,retained,0.0,neither,0.0,retained,0.0,neither,0.0,covered_top_of_book,1.5137,12402724,60,-23.7827839069832,1.9818986589150225,-37.656074519389826,-36.7827839069832,13,2435.869501,covered_top_of_book,1.5137,12402724,60,-23.7827839069832,1.9818986589150225,-37.656074519389826,-36.7827839069832,13,2435.869501,covered_top_of_book,1.5137,12402724,60,-23.7827839069832,1.9818986589150225,-37.656074519389826,-36.7827839069832,13,2435.869501,1.5137,6.6106961063007335,9.258034651501573,110,True,1.5137,6.6106961063007335,9.258034651501573,110,True,1.5137,6.6106961063007335,9.258034651501573,110,True
XRPUSDT,weak_level_rejection,S:day_low:2026-09-26:g1,"[""structural_level"",""S:day_low:2026-09-26:g1""]:failed:quote:1790455223450:8",long,True,,,False,False,,0,,,12598474,1790455236957,1.5125,True,562404910201902,12596134,False,False,economic_safety: absolute_net_reward_risk: net reward/risk 0.8947 < hard minimum 1.0000 | economic_safety: absolute_net_reward_risk: net reward/risk 0.9819 < hard minimum 1.0000,0,,,12592277,1790455236138,1.5121,True,,,False,False,,0,,,12592277,1790455236138,1.5121,new,,neither,,disappeared,,neither,,,,,,,,,,,,covered_top_of_book,1.5124,12596077,60,-8.595609627081835,1.9836022216342697,-35.04363924887504,-21.595609627081835,13,500.572301,,,,,,,,,,,,,,,,1.5124,1.9839957674754776,,0,False,,,,,
XRPUSDT,weak_level_rejection,S:day_low:2026-09-26:g1,"[""structural_level"",""S:day_low:2026-09-26:g1""]:failed:quote:1790455238117:11",long,True,562407288136701,12612153,True,True,economic_gate: winner_cost_share 0.403 > maximum 0.350 | economic_safety: absolute_net_reward_risk: net reward/risk 0.8882 < hard minimum 1.0000 | economic_safety: absolute_net_reward_risk: net reward/risk 0.9175 < hard minimum 1.0000 | economic_safety: absolute_net_reward_risk: net reward/risk 0.9255 < hard minimum 1.0000 | economic_safety: absolute_net_reward_risk: net reward/risk 0.9869 < hard minimum 1.0000,1,-9.08097398348157,1790455237.870381,12607815,1790455238255,1.5119,True,562407288136701,12612153,True,True,economic_gate: winner_cost_share 0.403 > maximum 0.350 | economic_safety: absolute_net_reward_risk: net reward/risk 0.8882 < hard minimum 1.0000 | economic_safety: absolute_net_reward_risk: net reward/risk 0.9175 < hard minimum 1.0000 | economic_safety: absolute_net_reward_risk: net reward/risk 0.9255 < hard minimum 1.0000 | economic_safety: absolute_net_reward_risk: net reward/risk 0.9869 < hard minimum 1.0000,1,-9.08097398348157,1790455237.870381,12607815,1790455238255,1.5119,True,562407288136701,12612153,True,True,economic_gate: winner_cost_share 0.403 > maximum 0.350 | economic_safety: absolute_net_reward_risk: net reward/risk 0.8882 < hard minimum 1.0000 | economic_safety: absolute_net_reward_risk: net reward/risk 0.9175 < hard minimum 1.0000 | economic_safety: absolute_net_reward_risk: net reward/risk 0.9255 < hard minimum 1.0000 | economic_safety: absolute_net_reward_risk: net reward/risk 0.9869 < hard minimum 1.0000,1,-9.08097398348157,1790455237.870381,12607815,1790455238255,1.5119,retained,0.0,retained,0.0,retained,0.0,retained,0.0,covered_top_of_book,1.5123,12611783,60,-7.934933544930687,2.644977848310229,-34.38471202803591,-20.934933544930686,13,761.3429,covered_top_of_book,1.5123,12611783,60,-7.934933544930687,2.644977848310229,-34.38471202803591,-20.934933544930686,13,761.3429,covered_top_of_book,1.5123,12611783,60,-7.934933544930687,2.644977848310229,-34.38471202803591,-20.934933544930686,13,761.3429,1.5123,2.6456776241812023,1.9842582181359014,27,True,1.5123,2.6456776241812023,1.9842582181359014,27,True,1.5123,2.6456776241812023,1.9842582181359014,27,True
XRPUSDT,weak_level_rejection,S:day_low:2026-09-26:g1,"[""structural_level"",""S:day_low:2026-09-26:g1""]:failed:quote:1790455240980:12",long,True,,,False,False,,0,,,12649214,1790455243208,1.512,True,,,False,False,,0,,,12651732,1790455243601,1.512,True,,,False,False,,0,,,12651732,1790455243601,1.512,neither,,neither,,neither,,neither,,,,,,,,,,,,,,,,,,,,,,,,,,,,,,,,,,,,,,,,,,,,,,
XRPUSDT,weak_level_rejection,S:day_low:2026-09-26:g1,"[""structural_level"",""S:day_low:2026-09-26:g1""]:failed:quote:1790455249858:13",long,True,,,False,False,,0,,,,,,True,,,False,False,,0,,,,,,True,,,False,False,,0,,,,,,neither,,neither,,neither,,neither,,,,,,,,,,,,,,,,,,,,,,,,,,,,,,,,,,,,,,,,,,,,,,
XRPUSDT,weak_level_rejection,S:day_low:2026-09-26:g1,"[""structural_level"",""S:day_low:2026-09-26:g1""]:failed:quote:1790455357629:14",long,True,,,False,False,,0,,,13283321,1790455357779,1.5068,True,,,False,False,,0,,,13283321,1790455357779,1.5068,True,,,False,False,,0,,,13283321,1790455357779,1.5068,neither,,neither,,neither,,neither,,,,,,,,,,,,,,,,,,,,,,,,,,,,,,,,,,,,,,,,,,,,,,
XRPUSDT,weak_level_rejection,S:day_low:2026-09-26:g1,"[""structural_level"",""S:day_low:2026-09-26:g1""]:failed:quote:1790455362197:15",long,True,,,False,False,,0,,,13322069,1790455362564,1.5067,True,,,False,False,,0,,,13322069,1790455362564,1.5067,True,,,False,False,,0,,,13322069,1790455362564,1.5067,neither,,neither,,neither,,neither,,,,,,,,,,,,,,,,,,,,,,,,,,,,,,,,,,,,,,,,,,,,,,
XRPUSDT,weak_level_rejection,S:day_low:2026-09-26:g1,"[""structural_level"",""S:day_low:2026-09-26:g1""]:failed:quote:1790455364140:17",long,True,,,False,False,,0,,,13330244,1790455364235,1.5067,True,,,False,False,,0,,,13330244,1790455364235,1.5067,True,,,False,False,,0,,,13330244,1790455364235,1.5067,neither,,neither,,neither,,neither,,,,,,,,,,,,,,,,,,,,,,,,,,,,,,,,,,,,,,,,,,,,,,
XRPUSDT,weak_level_rejection,S:day_low:2026-09-26:g1,"[""structural_level"",""S:day_low:2026-09-26:g1""]:failed:quote:1790455366360:18",long,True,562545467083802,13406384,False,False,economic_gate: winner_cost_share 0.935 > maximum 0.350 | economic_gate: winner_cost_share 0.970 > maximum 0.350,0,,,13402208,1790455376316,1.5069,True,562545467083802,13406384,False,False,economic_gate: winner_cost_share 0.935 > maximum 0.350 | economic_gate: winner_cost_share 0.970 > maximum 0.350,0,,,13398862,1790455375566,1.5069,True,562545467083802,13406384,False,False,economic_gate: winner_cost_share 0.935 > maximum 0.350 | economic_gate: winner_cost_share 0.970 > maximum 0.350,0,,,13398862,1790455375566,1.5069,retained,0.0,neither,0.0,retained,0.0,neither,0.0,covered_top_of_book,1.5073,13406165,60,-6.634379353812193,7.2978172891917925,-8.624693159955408,-19.634379353812193,13,871.280302,covered_top_of_book,1.5073,13406165,60,-6.634379353812193,7.2978172891917925,-8.624693159955408,-19.634379353812193,13,1620.462602,covered_top_of_book,1.5073,13406165,60,-6.634379353812193,7.2978172891917925,-8.624693159955408,-19.634379353812193,13,1620.462602,1.5073,2.6544561682937027,1.9907100199083545,26,True,1.5073,2.6544561682937027,2.6544561682937027,44,True,1.5073,2.6544561682937027,2.6544561682937027,44,True
XRPUSDT,weak_level_rejection,S:day_low:2026-09-26:g1,"[""structural_level"",""S:day_low:2026-09-26:g1""]:failed:quote:1790455648813:19",long,True,,,False,False,,0,,,14652778,1790455648863,1.5034,True,,,False,False,,0,,,14652778,1790455648863,1.5034,True,,,False,False,,0,,,14652778,1790455648863,1.5034,neither,,neither,,neither,,neither,,,,,,,,,,,,,,,,,,,,,,,,,,,,,,,,,,,,,,,,,,,,,,
XRPUSDT,weak_level_rejection,S:day_low:2026-09-26:g1,"[""structural_level"",""S:day_low:2026-09-26:g1""]:failed:quote:1790455654612:20",long,True,,,False,False,,0,,,14721929,1790455654762,1.5032,True,,,False,False,,0,,,14721929,1790455654762,1.5032,True,,,False,False,,0,,,14721929,1790455654762,1.5032,neither,,neither,,neither,,neither,,,,,,,,,,,,,,,,,,,,,,,,,,,,,,,,,,,,,,,,,,,,,,
XRPUSDT,weak_level_rejection,S:previous_day_low:696:g1,"[""structural_level"",""S:previous_day_low:696:g1""]:approach",long,False,,,,,,,,,,,,True,,,False,False,,0,,,,,,True,,,False,False,,0,,,,,,neither,,neither,,neither,,neither,,,,,,,,,,,,,,,,,,,,,,,,,,,,,,,,,,,,,,,,,,,,,,
XRPUSDT,weak_level_rejection,S:previous_day_low:696:g1,"[""structural_level"",""S:previous_day_low:696:g1""]:failed:quote:1790453348133:1",long,True,,,False,False,,0,,,6493573,1790453350068,1.5184,True,,,False,False,,0,,,6490117,1790453349260,1.5184,True,,,False,False,,0,,,6490117,1790453349260,1.5184,neither,,neither,,neither,,neither,,,,,,,,,,,,,,,,,,,,,,,,,,,,,,,,,,,,,,,,,,,,,,
XRPUSDT,weak_level_rejection,S:support:697:g1,"[""structural_level"",""S:support:697:g1""]:failed:bar:1790451480000",long,True,,,False,False,,0,,,1323491,1790451505109,1.5199,True,,,False,False,,0,,,1323491,1790451505109,1.5199,True,,,False,False,,0,,,1323491,1790451505109,1.5199,neither,,neither,,neither,,neither,,,,,,,,,,,,,,,,,,,,,,,,,,,,,,,,,,,,,,,,,,,,,,
XRPUSDT,weak_level_rejection,S:support:697:g1,"[""structural_level"",""S:support:697:g1""]:failed:quote:1790451513875:1",long,True,,,False,False,,0,,,,,,True,,,False,False,,0,,,,,,True,,,False,False,,0,,,,,,neither,,neither,,neither,,neither,,,,,,,,,,,,,,,,,,,,,,,,,,,,,,,,,,,,,,,,,,,,,,
XRPUSDT,weak_level_rejection,S:support:697:g1,"[""structural_level"",""S:support:697:g1""]:failed:quote:1790451520065:2",long,True,,,False,False,,0,,,1396938,1790451524480,1.5199,True,,,False,False,,0,,,1396938,1790451524480,1.5199,True,,,False,False,,0,,,1396938,1790451524480,1.5199,neither,,neither,,neither,,neither,,,,,,,,,,,,,,,,,,,,,,,,,,,,,,,,,,,,,,,,,,,,,,
XRPUSDT,weak_level_rejection,S:support:697:g1,"[""structural_level"",""S:support:697:g1""]:failed:quote:1790451604356:3",long,True,,,False,False,assigned_object_no_longer_preparable,0,,,1651434,1790451607813,1.5199,True,,,False,False,assigned_object_no_longer_preparable,0,,,1651434,1790451607813,1.5199,True,,,False,False,assigned_object_no_longer_preparable,0,,,1651434,1790451607813,1.5199,neither,,neither,,neither,,neither,,,,,,,,,,,,,,,,,,,,,,,,,,,,,,,,,,,,,,,,,,,,,,
ZECUSDT,level_breakout,R:day_high:2026-09-26:g1,"[""structural_level"",""R:day_high:2026-09-26:g1""]:approach",long,True,,,False,False,,0,,,,,,True,,,False,False,,0,,,,,,True,,,False,False,,0,,,,,,neither,,neither,,neither,,neither,,,,,,,,,,,,,,,,,,,,,,,,,,,,,,,,,,,,,,,,,,,,,,
ZECUSDT,level_breakout,R:day_high:2026-09-26:g1,"[""structural_level"",""R:day_high:2026-09-26:g1""]:cross:quote:1790456933582:1",long,False,,,,,,,,,,,,True,,,False,False,,0,,,,,,True,,,False,False,,0,,,,,,neither,,neither,,neither,,neither,,,,,,,,,,,,,,,,,,,,,,,,,,,,,,,,,,,,,,,,,,,,,,
ZECUSDT,level_breakout,R:day_high:2026-09-26:g1,"[""structural_level"",""R:day_high:2026-09-26:g1""]:cross:quote:1790456935425:2",long,False,,,,,,,,,,,,True,564109759090203,19288313,False,False,economic_gate: winner_cost_share 2.502 > maximum 0.350 | economic_gate: winner_cost_share 2.541 > maximum 0.350 | economic_gate: winner_cost_share 2.818 > maximum 0.350 | economic_gate: winner_cost_share 5.842 > maximum 0.350 | economic_gate: winner_cost_share 6.578 > maximum 0.350 | economic_gate: winner_cost_share 7.618 > maximum 0.350 | invalid stop or target distance after depth adjustment,0,,,,,,True,564109759090203,19288313,False,False,economic_gate: winner_cost_share 2.502 > maximum 0.350 | economic_gate: winner_cost_share 2.541 > maximum 0.350 | economic_gate: winner_cost_share 2.818 > maximum 0.350 | economic_gate: winner_cost_share 5.842 > maximum 0.350 | economic_gate: winner_cost_share 6.578 > maximum 0.350 | economic_gate: winner_cost_share 7.618 > maximum 0.350 | invalid stop or target distance after depth adjustment,0,,,,,,new,,neither,,retained,0.0,neither,0.0,,,,,,,,,,,covered_top_of_book,1589.24,19288296,60,6.7957010898286425,13.339709546700881,-14.094787445571525,-6.2042989101713575,13,,covered_top_of_book,1589.24,19288296,60,6.7957010898286425,13.339709546700881,-14.094787445571525,-6.2042989101713575,13,,,,,,,,,,,,,,,,
ZECUSDT,level_breakout,R:day_high:2026-09-26:g1,"[""structural_level"",""R:day_high:2026-09-26:g1""]:cross:quote:1790456973024:4",long,False,,,,,,,,,,,,True,564145889294501,19415233,True,True,economic_safety: absolute_net_reward_risk: net reward/risk 0.8430 < hard minimum 1.0000,1,-0.33154152383903046,1790456976.4516842,,,,True,564145889294501,19415233,True,True,economic_safety: absolute_net_reward_risk: net reward/risk 0.8430 < hard minimum 1.0000,1,-0.33154152383903046,1790456976.4516842,,,,new,,new,,retained,0.0,retained,0.0,,,,,,,,,,,covered_top_of_book,1591.0,19415007,60,7.793840351979944,11.439346323066854,-9.868007542425747,-5.206159648020056,13,,covered_top_of_book,1591.0,19415007,60,7.793840351979944,11.439346323066854,-9.868007542425747,-5.206159648020056,13,,,,,,,,,,,,,,,,
ZECUSDT,level_breakout,R:day_high:2026-09-26:g1,"[""structural_level"",""R:day_high:2026-09-26:g1""]:cross:quote:1790457022400:5",long,False,,,,,,,,,,,,True,,,False,False,,0,,,,,,True,,,False,False,,0,,,,,,neither,,neither,,neither,,neither,,,,,,,,,,,,,,,,,,,,,,,,,,,,,,,,,,,,,,,,,,,,,,
ZECUSDT,level_breakout,R:day_high:2026-09-26:g1,"[""structural_level"",""R:day_high:2026-09-26:g1""]:cross:quote:1790457372456:6",long,True,564578183958501,20886472,False,False,economic_gate: winner_cost_share 0.892 > maximum 0.350 | economic_gate: winner_cost_share 0.893 > maximum 0.350 | economic_gate: winner_cost_share 1.009 > maximum 0.350 | economic_gate: winner_cost_share 1.020 > maximum 0.350 | economic_gate: winner_cost_share 1.036 > maximum 0.350 | economic_gate: winner_cost_share 1.078 > maximum 0.350 | economic_gate: winner_cost_share 1.121 > maximum 0.350 | economic_gate: winner_cost_share 1.185 > maximum 0.350 | economic_gate: winner_cost_share 1.217 > maximum 0.350 | economic_gate: winner_cost_share 1.218 > maximum 0.350 | economic_gate: winner_cost_share 1.475 > maximum 0.350 | economic_gate: winner_cost_share 1.494 > maximum 0.350,0,,,,,,True,564578183958501,20886472,False,False,economic_gate: winner_cost_share 0.892 > maximum 0.350 | economic_gate: winner_cost_share 0.893 > maximum 0.350 | economic_gate: winner_cost_share 1.009 > maximum 0.350 | economic_gate: winner_cost_share 1.020 > maximum 0.350 | economic_gate: winner_cost_share 1.036 > maximum 0.350 | economic_gate: winner_cost_share 1.078 > maximum 0.350 | economic_gate: winner_cost_share 1.121 > maximum 0.350 | economic_gate: winner_cost_share 1.185 > maximum 0.350 | economic_gate: winner_cost_share 1.217 > maximum 0.350 | economic_gate: winner_cost_share 1.218 > maximum 0.350 | economic_gate: winner_cost_share 1.475 > maximum 0.350 | economic_gate: winner_cost_share 1.494 > maximum 0.350,0,,,,,,True,564578183958501,20886472,False,False,economic_gate: winner_cost_share 0.892 > maximum 0.350 | economic_gate: winner_cost_share 0.893 > maximum 0.350 | economic_gate: winner_cost_share 1.009 > maximum 0.350 | economic_gate: winner_cost_share 1.020 > maximum 0.350 | economic_gate: winner_cost_share 1.036 > maximum 0.350 | economic_gate: winner_cost_share 1.078 > maximum 0.350 | economic_gate: winner_cost_share 1.121 > maximum 0.350 | economic_gate: winner_cost_share 1.185 > maximum 0.350 | economic_gate: winner_cost_share 1.217 > maximum 0.350 | economic_gate: winner_cost_share 1.218 > maximum 0.350 | economic_gate: winner_cost_share 1.475 > maximum 0.350 | economic_gate: winner_cost_share 1.494 > maximum 0.350,0,,,,,,retained,0.0,neither,0.0,retained,0.0,neither,0.0,covered_top_of_book,1595.74,20886337,60,32.96276335743912,64.2335217516638,-4.386679534260252,19.962763357439123,13,,covered_top_of_book,1595.74,20886337,60,32.96276335743912,64.2335217516638,-4.386679534260252,19.962763357439123,13,,covered_top_of_book,1595.74,20886337,60,32.96276335743912,64.2335217516638,-4.386679534260252,19.962763357439123,13,,,,,,,,,,,,,,,,
ZECUSDT,level_breakout,R:day_high:2026-09-26:g1,"[""structural_level"",""R:day_high:2026-09-26:g1""]:cross:quote:1790457439514:8",long,True,564641908314301,21127691,False,False,,0,,,,,,True,564618826303503,21024170,True,True,,1,-1.450048017948406,1790457448.1124701,,,,True,564618826303503,21024170,True,True,,1,-1.450048017948406,1790457448.1124701,,,,retained,-23082.010798,new,24.051736288428188,retained,0.0,retained,0.0,covered_top_of_book,1601.97,21127609,60,58.49048359207657,76.21865578007102,-3.370849641378825,45.49048359207657,13,,covered_top_of_book,1597.68,21023018,60,89.9429172299828,100.2703920684992,12.51815131941315,76.9429172299828,13,,covered_top_of_book,1597.68,21023018,60,89.9429172299828,100.2703920684992,12.51815131941315,76.9429172299828,13,,,,,,,,,,,,,,,,
ZECUSDT,level_breakout,R:day_high:2026-09-26:g1,"[""structural_level"",""R:day_high:2026-09-26:g1""]:cross:quote:1790457489486:9",long,False,,,,,,,,,,,,True,564659206784504,21206880,False,False,,0,,,,,,True,564659206784504,21206880,False,False,,0,,,,,,new,,neither,,retained,0.0,neither,0.0,,,,,,,,,,,covered_top_of_book,1611.75,21206863,60,2.481774468745717,15.076779897627198,-11.105940747634332,-10.518225531254283,13,,covered_top_of_book,1611.75,21206863,60,2.481774468745717,15.076779897627198,-11.105940747634332,-10.518225531254283,13,,,,,,,,,,,,,,,,
ZECUSDT,level_breakout,R:day_high:2026-09-26:g1,"[""structural_level"",""R:day_high:2026-09-26:g1""]:cross:quote:1790457725808:10",long,False,,,,,,,,,,,,True,,,False,False,,0,,,,,,True,,,False,False,,0,,,,,,neither,,neither,,neither,,neither,,,,,,,,,,,,,,,,,,,,,,,,,,,,,,,,,,,,,,,,,,,,,,
ZECUSDT,level_breakout,R:day_high:2026-09-26:g1,"[""structural_level"",""R:day_high:2026-09-26:g1""]:cross:quote:1790457753422:11",long,True,564930468510815,22213681,False,False,,0,,,,,,True,564930468510815,22213681,False,False,,0,,,,,,True,564930468510815,22213681,False,False,,0,,,,,,retained,0.0,neither,0.0,retained,0.0,neither,0.0,covered_top_of_book,1621.19,22213664,60,92.21621154830738,100.79016031433649,-2.1589079626702388,79.21621154830738,13,,covered_top_of_book,1621.19,22213664,60,92.21621154830738,100.79016031433649,-2.1589079626702388,79.21621154830738,13,,covered_top_of_book,1621.19,22213664,60,92.21621154830738,100.79016031433649,-2.1589079626702388,79.21621154830738,13,,,,,,,,,,,,,,,,
ZECUSDT,level_breakout,R:day_high:2026-09-26:g1,"[""structural_level"",""R:day_high:2026-09-26:g1""]:cross:quote:1790457872762:12",long,True,,,False,False,,0,,,,,,True,,,False,False,,0,,,,,,True,,,False,False,,0,,,,,,neither,,neither,,neither,,neither,,,,,,,,,,,,,,,,,,,,,,,,,,,,,,,,,,,,,,,,,,,,,,
ZECUSDT,level_breakout,R:day_high:2026-09-26:g1,"[""structural_level"",""R:day_high:2026-09-26:g1""]:cross:quote:1790457873047:13",long,False,,,,,,,,,,,,True,,,False,False,,0,,,,,,True,,,False,False,,0,,,,,,neither,,neither,,neither,,neither,,,,,,,,,,,,,,,,,,,,,,,,,,,,,,,,,,,,,,,,,,,,,,
ZECUSDT,level_breakout,R:day_high:2026-09-26:g1,"[""structural_level"",""R:day_high:2026-09-26:g1""]:cross:quote:1790457873647:14",long,False,,,,,,,,,,,,True,,,False,False,,0,,,,,,True,,,False,False,,0,,,,,,neither,,neither,,neither,,neither,,,,,,,,,,,,,,,,,,,,,,,,,,,,,,,,,,,,,,,,,,,,,,
ZECUSDT,level_breakout,R:day_high:2026-09-26:g1,"[""structural_level"",""R:day_high:2026-09-26:g1""]:cross:quote:1790457873823:13",long,True,,,False,False,,0,,,,,,False,,,,,,,,,,,,False,,,,,,,,,,,,neither,,neither,,neither,,neither,,,,,,,,,,,,,,,,,,,,,,,,,,,,,,,,,,,,,,,,,,,,,,
ZECUSDT,level_breakout,R:day_high:2026-09-26:g1,"[""structural_level"",""R:day_high:2026-09-26:g1""]:cross:quote:1790457874634:16",long,False,,,,,,,,,,,,True,,,False,False,,0,,,,,,True,,,False,False,,0,,,,,,neither,,neither,,neither,,neither,,,,,,,,,,,,,,,,,,,,,,,,,,,,,,,,,,,,,,,,,,,,,,
ZECUSDT,level_breakout,R:day_high:2026-09-26:g1,"[""structural_level"",""R:day_high:2026-09-26:g1""]:cross:quote:1790457879923:17",long,False,,,,,,,,,,,,True,,,False,False,,0,,,,,,True,,,False,False,,0,,,,,,neither,,neither,,neither,,neither,,,,,,,,,,,,,,,,,,,,,,,,,,,,,,,,,,,,,,,,,,,,,,
ZECUSDT,level_breakout,R:day_high:2026-09-26:g1,"[""structural_level"",""R:day_high:2026-09-26:g1""]:cross:quote:1790457880573:17",long,True,,,False,False,,0,,,,,,False,,,,,,,,,,,,False,,,,,,,,,,,,neither,,neither,,neither,,neither,,,,,,,,,,,,,,,,,,,,,,,,,,,,,,,,,,,,,,,,,,,,,,
ZECUSDT,level_breakout,R:day_high:2026-09-26:g1,"[""structural_level"",""R:day_high:2026-09-26:g1""]:cross:quote:1790457880573:18",long,False,,,,,,,,,,,,True,,,False,False,,0,,,,,,True,,,False,False,,0,,,,,,neither,,neither,,neither,,neither,,,,,,,,,,,,,,,,,,,,,,,,,,,,,,,,,,,,,,,,,,,,,,
ZECUSDT,level_breakout,R:day_high:2026-09-26:g1,"[""structural_level"",""R:day_high:2026-09-26:g1""]:cross:quote:1790457895041:19",long,False,,,,,,,,,,,,True,,,False,False,,0,,,,,,True,,,False,False,,0,,,,,,neither,,neither,,neither,,neither,,,,,,,,,,,,,,,,,,,,,,,,,,,,,,,,,,,,,,,,,,,,,,
ZECUSDT,level_breakout,R:day_high:2026-09-26:g1,"[""structural_level"",""R:day_high:2026-09-26:g1""]:cross:quote:1790457895709:18",long,True,,,False,False,,0,,,,,,False,,,,,,,,,,,,False,,,,,,,,,,,,neither,,neither,,neither,,neither,,,,,,,,,,,,,,,,,,,,,,,,,,,,,,,,,,,,,,,,,,,,,,
ZECUSDT,level_breakout,R:day_high:2026-09-26:g1,"[""structural_level"",""R:day_high:2026-09-26:g1""]:cross:quote:1790457897699:20",long,False,,,,,,,,,,,,True,,,False,False,,0,,,,,,True,,,False,False,,0,,,,,,neither,,neither,,neither,,neither,,,,,,,,,,,,,,,,,,,,,,,,,,,,,,,,,,,,,,,,,,,,,,
ZECUSDT,level_breakout,R:day_high:2026-09-26:g1,"[""structural_level"",""R:day_high:2026-09-26:g1""]:cross:quote:1790457898218:19",long,True,,,False,False,,0,,,,,,False,,,,,,,,,,,,False,,,,,,,,,,,,neither,,neither,,neither,,neither,,,,,,,,,,,,,,,,,,,,,,,,,,,,,,,,,,,,,,,,,,,,,,
ZECUSDT,level_breakout,R:day_high:2026-09-26:g1,"[""structural_level"",""R:day_high:2026-09-26:g1""]:cross:quote:1790457899142:21",long,False,,,,,,,,,,,,True,,,False,False,,0,,,,,,True,,,False,False,,0,,,,,,neither,,neither,,neither,,neither,,,,,,,,,,,,,,,,,,,,,,,,,,,,,,,,,,,,,,,,,,,,,,
ZECUSDT,level_breakout,R:day_high:2026-09-26:g1,"[""structural_level"",""R:day_high:2026-09-26:g1""]:cross:quote:1790457899292:22",long,False,,,,,,,,,,,,True,,,False,False,,0,,,,,,True,,,False,False,,0,,,,,,neither,,neither,,neither,,neither,,,,,,,,,,,,,,,,,,,,,,,,,,,,,,,,,,,,,,,,,,,,,,
ZECUSDT,level_breakout,R:day_high:2026-09-26:g1,"[""structural_level"",""R:day_high:2026-09-26:g1""]:cross:quote:1790457899850:23",long,False,,,,,,,,,,,,True,,,False,False,,0,,,,,,True,,,False,False,,0,,,,,,neither,,neither,,neither,,neither,,,,,,,,,,,,,,,,,,,,,,,,,,,,,,,,,,,,,,,,,,,,,,
ZECUSDT,level_breakout,R:day_high:2026-09-26:g1,"[""structural_level"",""R:day_high:2026-09-26:g1""]:cross:quote:1790457899918:20",long,True,,,False,False,,0,,,,,,False,,,,,,,,,,,,False,,,,,,,,,,,,neither,,neither,,neither,,neither,,,,,,,,,,,,,,,,,,,,,,,,,,,,,,,,,,,,,,,,,,,,,,
ZECUSDT,level_breakout,R:day_high:2026-09-26:g1,"[""structural_level"",""R:day_high:2026-09-26:g1""]:cross:quote:1790457900865:24",long,False,,,,,,,,,,,,True,,,False,False,,0,,,,,,True,,,False,False,,0,,,,,,neither,,neither,,neither,,neither,,,,,,,,,,,,,,,,,,,,,,,,,,,,,,,,,,,,,,,,,,,,,,
ZECUSDT,level_breakout,R:day_high:2026-09-26:g1,"[""structural_level"",""R:day_high:2026-09-26:g1""]:cross:quote:1790458152584:21",long,True,,,False,False,,0,,,,,,False,,,,,,,,,,,,False,,,,,,,,,,,,neither,,neither,,neither,,neither,,,,,,,,,,,,,,,,,,,,,,,,,,,,,,,,,,,,,,,,,,,,,,
ZECUSDT,level_breakout,R:day_high:2026-09-26:g1,"[""structural_level"",""R:day_high:2026-09-26:g1""]:cross:quote:1790458152584:25",long,False,,,,,,,,,,,,True,,,False,False,,0,,,,,,True,,,False,False,,0,,,,,,neither,,neither,,neither,,neither,,,,,,,,,,,,,,,,,,,,,,,,,,,,,,,,,,,,,,,,,,,,,,
ZECUSDT,level_breakout,R:day_high:2026-09-26:g1,"[""structural_level"",""R:day_high:2026-09-26:g1""]:cross:quote:1790458152912:22",long,True,565321842151812,23981721,False,False,economic_safety: absolute_net_reward_risk: net reward/risk 0.3871 < hard minimum 1.0000 | economic_safety: absolute_net_reward_risk: net reward/risk 0.3919 < hard minimum 1.0000 | economic_safety: absolute_net_reward_risk: net reward/risk 0.4420 < hard minimum 1.0000 | economic_safety: absolute_net_reward_risk: net reward/risk 0.5671 < hard minimum 1.0000 | economic_safety: absolute_net_reward_risk: net reward/risk 0.6282 < hard minimum 1.0000 | price left frozen entry area; no chase after risk refusal,0,,,,,,False,,,,,,,,,,,,False,,,,,,,,,,,,disappeared,,neither,,neither,,neither,,quote_gap,,,,,,,,,,,,,,,,,,,,,,,,,,,,,,,,,,,,,,,,,,,,
ZECUSDT,level_breakout,R:day_high:2026-09-26:g1,"[""structural_level"",""R:day_high:2026-09-26:g1""]:cross:quote:1790458152912:26",long,False,,,,,,,,,,,,True,565321842151812,23981721,False,False,economic_safety: absolute_net_reward_risk: net reward/risk 0.3871 < hard minimum 1.0000 | economic_safety: absolute_net_reward_risk: net reward/risk 0.3920 < hard minimum 1.0000 | economic_safety: absolute_net_reward_risk: net reward/risk 0.4422 < hard minimum 1.0000 | economic_safety: absolute_net_reward_risk: net reward/risk 0.5676 < hard minimum 1.0000 | economic_safety: absolute_net_reward_risk: net reward/risk 0.6288 < hard minimum 1.0000 | price left frozen entry area; no chase after risk refusal,0,,,,,,True,565321842151812,23981721,False,False,economic_safety: absolute_net_reward_risk: net reward/risk 0.3871 < hard minimum 1.0000 | economic_safety: absolute_net_reward_risk: net reward/risk 0.3920 < hard minimum 1.0000 | economic_safety: absolute_net_reward_risk: net reward/risk 0.4422 < hard minimum 1.0000 | economic_safety: absolute_net_reward_risk: net reward/risk 0.5677 < hard minimum 1.0000 | economic_safety: absolute_net_reward_risk: net reward/risk 0.6288 < hard minimum 1.0000 | price left frozen entry area; no chase after risk refusal,0,,,,,,new,,neither,,retained,0.0,neither,,,,,,,,,,,,quote_gap,,,,,,,,,,quote_gap,,,,,,,,,,,,,,,,,,,,,,,,
ZECUSDT,level_breakout,R:day_high:2026-09-26:g1,"[""structural_level"",""R:day_high:2026-09-26:g1""]:failed:quote:1790457022400:5",long,False,,,,,,,,,,,,True,564364629538003,20170345,False,False,economic_gate: winner_cost_share 2.370 > maximum 0.350 | economic_gate: winner_cost_share 2.391 > maximum 0.350 | economic_gate: winner_cost_share 2.659 > maximum 0.350 | economic_gate: winner_cost_share 2.667 > maximum 0.350,0,,,,,,True,564364629538003,20170345,False,False,economic_gate: winner_cost_share 2.370 > maximum 0.350 | economic_gate: winner_cost_share 2.391 > maximum 0.350 | economic_gate: winner_cost_share 2.659 > maximum 0.350 | economic_gate: winner_cost_share 2.667 > maximum 0.350,0,,,,,,new,,neither,,retained,0.0,neither,0.0,,,,,,,,,,,covered_top_of_book,1592.1,20170312,60,-14.69756924816229,-0.06281012499209161,-19.722379247533905,-27.69756924816229,13,,covered_top_of_book,1592.1,20170312,60,-14.69756924816229,-0.06281012499209161,-19.722379247533905,-27.69756924816229,13,,,,,,,,,,,,,,,,
ZECUSDT,level_breakout,R:day_high:2026-09-26:g1,"[""structural_level"",""R:day_high:2026-09-26:g1""]:failed:quote:1790457439514:8",long,False,,,,,,,,,,,,True,,,False,False,,0,,,,,,True,,,False,False,,0,,,,,,neither,,neither,,neither,,neither,,,,,,,,,,,,,,,,,,,,,,,,,,,,,,,,,,,,,,,,,,,,,,
ZECUSDT,level_breakout,R:previous_day_high:12327:g1,"[""structural_level"",""R:previous_day_high:12327:g1""]:approach",long,True,,,False,False,,0,,,,,,True,,,False,False,,0,,,,,,True,,,False,False,,0,,,,,,neither,,neither,,neither,,neither,,,,,,,,,,,,,,,,,,,,,,,,,,,,,,,,,,,,,,,,,,,,,,
ZECUSDT,level_breakout,R:previous_day_high:12327:g1,"[""structural_level"",""R:previous_day_high:12327:g1""]:cross:quote:1790457778212:1",long,True,,,False,False,,0,,,,,,True,,,False,False,,0,,,,,,True,,,False,False,,0,,,,,,neither,,neither,,neither,,neither,,,,,,,,,,,,,,,,,,,,,,,,,,,,,,,,,,,,,,,,,,,,,,
ZECUSDT,level_breakout,R:resistance:12258:g1,"[""structural_level"",""R:resistance:12258:g1""]:approach",long,True,,,False,False,,0,,,,,,True,,,False,False,,0,,,,,,True,,,False,False,,0,,,,,,neither,,neither,,neither,,neither,,,,,,,,,,,,,,,,,,,,,,,,,,,,,,,,,,,,,,,,,,,,,,
ZECUSDT,level_breakout,R:resistance:12258:g1,"[""structural_level"",""R:resistance:12258:g1""]:cross:quote:1790452433575:2",long,True,,,False,False,,0,,,,,,True,,,False,False,,0,,,,,,True,,,False,False,,0,,,,,,neither,,neither,,neither,,neither,,,,,,,,,,,,,,,,,,,,,,,,,,,,,,,,,,,,,,,,,,,,,,
ZECUSDT,level_breakout,R:resistance:12258:g1,"[""structural_level"",""R:resistance:12258:g1""]:cross:quote:1790452468547:3",long,True,,,False,False,,0,,,,,,True,,,False,False,,0,,,,,,True,,,False,False,,0,,,,,,neither,,neither,,neither,,neither,,,,,,,,,,,,,,,,,,,,,,,,,,,,,,,,,,,,,,,,,,,,,,
ZECUSDT,level_breakout,R:resistance:12261:g1,"[""structural_level"",""R:resistance:12261:g1""]:approach",long,True,,,False,False,,0,,,,,,True,,,False,False,,0,,,,,,True,,,False,False,,0,,,,,,neither,,neither,,neither,,neither,,,,,,,,,,,,,,,,,,,,,,,,,,,,,,,,,,,,,,,,,,,,,,
ZECUSDT,level_breakout,R:resistance:12261:g1,"[""structural_level"",""R:resistance:12261:g1""]:cross:quote:1790452599684:3",long,True,,,False,False,,0,,,,,,True,,,False,False,,0,,,,,,True,,,False,False,,0,,,,,,neither,,neither,,neither,,neither,,,,,,,,,,,,,,,,,,,,,,,,,,,,,,,,,,,,,,,,,,,,,,
ZECUSDT,level_breakout,R:resistance:12261:g1,"[""structural_level"",""R:resistance:12261:g1""]:cross:quote:1790452913846:4",long,True,,,False,False,,0,,,,,,True,,,False,False,,0,,,,,,True,,,False,False,,0,,,,,,neither,,neither,,neither,,neither,,,,,,,,,,,,,,,,,,,,,,,,,,,,,,,,,,,,,,,,,,,,,,
ZECUSDT,level_breakout,R:resistance:12261:g1,"[""structural_level"",""R:resistance:12261:g1""]:cross:quote:1790452946765:5",long,True,,,False,False,,0,,,,,,True,,,False,False,,0,,,,,,True,,,False,False,,0,,,,,,neither,,neither,,neither,,neither,,,,,,,,,,,,,,,,,,,,,,,,,,,,,,,,,,,,,,,,,,,,,,
ZECUSDT,level_breakout,R:resistance:12261:g1,"[""structural_level"",""R:resistance:12261:g1""]:cross:quote:1790452984481:6",long,True,,,False,False,,0,,,,,,True,,,False,False,,0,,,,,,True,,,False,False,,0,,,,,,neither,,neither,,neither,,neither,,,,,,,,,,,,,,,,,,,,,,,,,,,,,,,,,,,,,,,,,,,,,,
ZECUSDT,level_breakout,R:resistance:12261:g1,"[""structural_level"",""R:resistance:12261:g1""]:cross:quote:1790452989229:7",long,True,,,False,False,,0,,,,,,True,,,False,False,,0,,,,,,True,,,False,False,,0,,,,,,neither,,neither,,neither,,neither,,,,,,,,,,,,,,,,,,,,,,,,,,,,,,,,,,,,,,,,,,,,,,
ZECUSDT,level_breakout,R:resistance:12261:g1,"[""structural_level"",""R:resistance:12261:g1""]:cross:quote:1790453002587:8",long,True,,,False,False,,0,,,,,,True,,,False,False,,0,,,,,,True,,,False,False,,0,,,,,,neither,,neither,,neither,,neither,,,,,,,,,,,,,,,,,,,,,,,,,,,,,,,,,,,,,,,,,,,,,,
ZECUSDT,level_breakout,R:resistance:12261:g1,"[""structural_level"",""R:resistance:12261:g1""]:cross:quote:1790453038069:9",long,True,,,False,False,,0,,,,,,True,,,False,False,,0,,,,,,True,,,False,False,,0,,,,,,neither,,neither,,neither,,neither,,,,,,,,,,,,,,,,,,,,,,,,,,,,,,,,,,,,,,,,,,,,,,
ZECUSDT,level_breakout,R:resistance:12261:g1,"[""structural_level"",""R:resistance:12261:g1""]:cross:quote:1790453126322:10",long,True,,,False,False,,0,,,,,,True,,,False,False,,0,,,,,,True,,,False,False,,0,,,,,,neither,,neither,,neither,,neither,,,,,,,,,,,,,,,,,,,,,,,,,,,,,,,,,,,,,,,,,,,,,,
ZECUSDT,level_breakout,R:resistance:12261:g1,"[""structural_level"",""R:resistance:12261:g1""]:cross:quote:1790453993580:15",long,True,,,False,False,,0,,,,,,True,,,False,False,,0,,,,,,True,,,False,False,,0,,,,,,neither,,neither,,neither,,neither,,,,,,,,,,,,,,,,,,,,,,,,,,,,,,,,,,,,,,,,,,,,,,
ZECUSDT,level_breakout,R:resistance:12265:g1,"[""structural_level"",""R:resistance:12265:g1""]:approach",long,True,,,False,False,,0,,,,,,True,,,False,False,,0,,,,,,True,,,False,False,,0,,,,,,neither,,neither,,neither,,neither,,,,,,,,,,,,,,,,,,,,,,,,,,,,,,,,,,,,,,,,,,,,,,
ZECUSDT,level_breakout,R:resistance:12265:g1,"[""structural_level"",""R:resistance:12265:g1""]:cross:quote:1790452614852:1",long,True,,,False,False,,0,,,,,,True,,,False,False,,0,,,,,,True,,,False,False,,0,,,,,,neither,,neither,,neither,,neither,,,,,,,,,,,,,,,,,,,,,,,,,,,,,,,,,,,,,,,,,,,,,,
ZECUSDT,level_breakout,R:resistance:12265:g1,"[""structural_level"",""R:resistance:12265:g1""]:cross:quote:1790452658863:2",long,True,,,False,False,,0,,,,,,True,,,False,False,,0,,,,,,True,,,False,False,,0,,,,,,neither,,neither,,neither,,neither,,,,,,,,,,,,,,,,,,,,,,,,,,,,,,,,,,,,,,,,,,,,,,
ZECUSDT,level_breakout,R:resistance:12265:g1,"[""structural_level"",""R:resistance:12265:g1""]:cross:quote:1790452691540:3",long,True,559871239981703,4571901,False,False,invalid stop or target distance,0,,,,,,True,559871239981703,4571901,False,False,invalid stop or target distance,0,,,,,,True,559871239981703,4571901,False,False,invalid stop or target distance,0,,,,,,retained,0.0,neither,0.0,retained,0.0,neither,0.0,covered_top_of_book,1570.53,4571892,60,-10.3149892074643,0.44570941019869936,-13.180263987315978,-23.3149892074643,13,,covered_top_of_book,1570.53,4571892,60,-10.3149892074643,0.44570941019869936,-13.180263987315978,-23.3149892074643,13,,covered_top_of_book,1570.53,4571892,60,-10.3149892074643,0.44570941019869936,-13.180263987315978,-23.3149892074643,13,,,,,,,,,,,,,,,,
ZECUSDT,level_breakout,R:resistance:12266:g1,"[""structural_level"",""R:resistance:12266:g1""]:approach",long,True,,,False,False,,0,,,,,,True,,,False,False,,0,,,,,,True,,,False,False,,0,,,,,,neither,,neither,,neither,,neither,,,,,,,,,,,,,,,,,,,,,,,,,,,,,,,,,,,,,,,,,,,,,,
ZECUSDT,level_breakout,R:resistance:12273:g1,"[""structural_level"",""R:resistance:12273:g1""]:approach",long,True,,,False,False,,0,,,,,,True,,,False,False,,0,,,,,,True,,,False,False,,0,,,,,,neither,,neither,,neither,,neither,,,,,,,,,,,,,,,,,,,,,,,,,,,,,,,,,,,,,,,,,,,,,,
ZECUSDT,level_breakout,R:resistance:12273:g1,"[""structural_level"",""R:resistance:12273:g1""]:cross:quote:1790454305915:1",long,True,,,False,False,,0,,,,,,True,,,False,False,,0,,,,,,True,,,False,False,,0,,,,,,neither,,neither,,neither,,neither,,,,,,,,,,,,,,,,,,,,,,,,,,,,,,,,,,,,,,,,,,,,,,
ZECUSDT,level_breakout,R:resistance:12273:g1,"[""structural_level"",""R:resistance:12273:g1""]:cross:quote:1790454314606:2",long,True,561484746189101,9504989,True,True,,1,0.3418144027234109,1790454314.0323558,,,,True,561484746189101,9504989,True,True,,1,0.3418144027234109,1790454314.0323558,,,,True,561484746189101,9504989,True,True,,1,0.3418144027234109,1790454314.0323558,,,,retained,0.0,retained,0.0,retained,0.0,retained,0.0,covered_top_of_book,1576.37,9504965,60,15.605473334306264,15.986094635144093,-0.31718441736365527,2.6054733343062644,13,,covered_top_of_book,1576.37,9504965,60,15.605473334306264,15.986094635144093,-0.31718441736365527,2.6054733343062644,13,,covered_top_of_book,1576.37,9504965,60,15.605473334306264,15.986094635144093,-0.31718441736365527,2.6054733343062644,13,,,,,,,,,,,,,,,,
ZECUSDT,level_breakout,S:support:12245:g1,"[""structural_level"",""S:support:12245:g1""]:approach",short,True,,,False,False,,0,,,,,,True,,,False,False,,0,,,,,,True,,,False,False,,0,,,,,,neither,,neither,,neither,,neither,,,,,,,,,,,,,,,,,,,,,,,,,,,,,,,,,,,,,,,,,,,,,,
ZECUSDT,level_breakout,S:support:12265:g1,"[""structural_level"",""S:support:12265:g1""]:approach",short,True,,,False,False,,0,,,,,,True,,,False,False,,0,,,,,,True,,,False,False,,0,,,,,,neither,,neither,,neither,,neither,,,,,,,,,,,,,,,,,,,,,,,,,,,,,,,,,,,,,,,,,,,,,,
ZECUSDT,weak_level_rejection,R:day_high:2026-09-26:g1,"[""structural_level"",""R:day_high:2026-09-26:g1""]:failed:bar:1790456880000",short,False,,,,,,,,,,,,True,,,False,False,,0,,,19211604,1790456918843,1587.88,True,,,False,False,,0,,,19211604,1790456918843,1587.88,neither,,neither,,neither,,neither,,,,,,,,,,,,,,,,,,,,,,,,,,,,,,,,,,,,,,,,,,,,,,
ZECUSDT,weak_level_rejection,R:day_high:2026-09-26:g1,"[""structural_level"",""R:day_high:2026-09-26:g1""]:failed:quote:1790456933582:1",short,False,,,,,,,,,,,,True,,,False,False,,0,,,19262630,1790456933961,1587.94,True,,,False,False,,0,,,19262630,1790456933961,1587.94,neither,,neither,,neither,,neither,,,,,,,,,,,,,,,,,,,,,,,,,,,,,,,,,,,,,,,,,,,,,,
ZECUSDT,weak_level_rejection,R:day_high:2026-09-26:g1,"[""structural_level"",""R:day_high:2026-09-26:g1""]:failed:quote:1790456935425:2",short,False,,,,,,,,,,,,True,,,False,False,,0,,,,,,True,,,False,False,,0,,,,,,neither,,neither,,neither,,neither,,,,,,,,,,,,,,,,,,,,,,,,,,,,,,,,,,,,,,,,,,,,,,
ZECUSDT,weak_level_rejection,R:day_high:2026-09-26:g1,"[""structural_level"",""R:day_high:2026-09-26:g1""]:failed:quote:1790456944082:3",short,True,,,False,False,,0,,,19314892,1790456947223,1588.67,True,564113098226603,19305465,True,True,,1,-11.223909135755429,1790456942.3843932,19302010,1790456944282,1587.85,True,564113494248000,19306956,True,True,,1,-11.547564149924558,1790456942.7804143,19302010,1790456944282,1587.85,new,,new,,retained,396.021397,retained,0.0,,,,,,,,,,,covered_top_of_book,1587.0,19305457,60,-22.810333963452372,-0.06301197227467488,-27.97731568998144,-35.81033396345237,13,532.505096,covered_top_of_book,1587.0,19306856,60,-20.856962822936016,-0.06301197227467488,-27.97731568998144,-33.85696282293601,13,928.526493,,,,,,1587.0,5.3531504865063395,1.4489740633643806,6,False,1587.0,5.3531504865063395,2.015963914245534,8,True
ZECUSDT,weak_level_rejection,R:day_high:2026-09-26:g1,"[""structural_level"",""R:day_high:2026-09-26:g1""]:failed:quote:1790456973024:4",short,True,,,False,False,,0,,,19553727,1790457018893,1589.52,False,,,,,,,,,,,,False,,,,,,,,,,,,neither,,neither,,neither,,neither,,,,,,,,,,,,,,,,,,,,,,,,,,,,,,,,,,,,,,,,,,,,,,
ZECUSDT,weak_level_rejection,R:day_high:2026-09-26:g1,"[""structural_level"",""R:day_high:2026-09-26:g1""]:failed:quote:1790457022400:5",short,True,,,False,False,,0,,,19743490,1790457075096,1589.19,True,,,False,False,,0,,,19630281,1790457040391,1591.32,True,,,False,False,,0,,,19630281,1790457040391,1591.32,neither,,neither,,neither,,neither,,,,,,,,,,,,,,,,,,,,,,,,,,,,,,,,,,,,,,,,,,,,,,
ZECUSDT,weak_level_rejection,R:day_high:2026-09-26:g1,"[""structural_level"",""R:day_high:2026-09-26:g1""]:failed:quote:1790457372456:6",short,True,,,False,False,,0,,,20962633,1790457433888,1595.75,True,,,False,False,,0,,,20962633,1790457433888,1595.75,True,,,False,False,,0,,,20962633,1790457433888,1595.75,neither,,neither,,neither,,neither,,,,,,,,,,,,,,,,,,,,,,,,,,,,,,,,,,,,,,,,,,,,,,
ZECUSDT,weak_level_rejection,R:day_high:2026-09-26:g1,"[""structural_level"",""R:day_high:2026-09-26:g1""]:failed:quote:1790457433888:7",short,True,,,False,False,,0,,,20974902,1790457437042,1595.82,True,,,False,False,,0,,,20974902,1790457437042,1595.82,True,,,False,False,,0,,,20974902,1790457437042,1595.82,neither,,neither,,neither,,neither,,,,,,,,,,,,,,,,,,,,,,,,,,,,,,,,,,,,,,,,,,,,,,
ZECUSDT,weak_level_rejection,R:day_high:2026-09-26:g1,"[""structural_level"",""R:day_high:2026-09-26:g1""]:failed:quote:1790457439514:8",short,True,,,False,False,,0,,,21193591,1790457489486,1604.71,True,,,False,False,,0,,,21193591,1790457489486,1604.71,True,,,False,False,,0,,,21193591,1790457489486,1604.71,neither,,neither,,neither,,neither,,,,,,,,,,,,,,,,,,,,,,,,,,,,,,,,,,,,,,,,,,,,,,
ZECUSDT,weak_level_rejection,R:day_high:2026-09-26:g1,"[""structural_level"",""R:day_high:2026-09-26:g1""]:failed:quote:1790457489486:9",short,True,,,False,False,,0,,,,,,True,,,False,False,,0,,,,,,True,,,False,False,,0,,,,,,neither,,neither,,neither,,neither,,,,,,,,,,,,,,,,,,,,,,,,,,,,,,,,,,,,,,,,,,,,,,
ZECUSDT,weak_level_rejection,R:day_high:2026-09-26:g1,"[""structural_level"",""R:day_high:2026-09-26:g1""]:failed:quote:1790457725808:10",short,True,,,False,False,,0,,,,,,True,,,False,False,,0,,,,,,True,,,False,False,,0,,,,,,neither,,neither,,neither,,neither,,,,,,,,,,,,,,,,,,,,,,,,,,,,,,,,,,,,,,,,,,,,,,
ZECUSDT,weak_level_rejection,R:day_high:2026-09-26:g1,"[""structural_level"",""R:day_high:2026-09-26:g1""]:failed:quote:1790457753422:11",short,True,,,False,False,assigned_object_no_longer_preparable,0,,,,,,True,,,False,False,assigned_object_no_longer_preparable,0,,,,,,True,,,False,False,assigned_object_no_longer_preparable,0,,,,,,neither,,neither,,neither,,neither,,,,,,,,,,,,,,,,,,,,,,,,,,,,,,,,,,,,,,,,,,,,,,
ZECUSDT,weak_level_rejection,R:day_high:2026-09-26:g1,"[""structural_level"",""R:day_high:2026-09-26:g1""]:failed:quote:1790457872762:12",short,False,,,,,,,,,,,,True,,,False,False,,0,,,,,,True,,,False,False,,0,,,,,,neither,,neither,,neither,,neither,,,,,,,,,,,,,,,,,,,,,,,,,,,,,,,,,,,,,,,,,,,,,,
ZECUSDT,weak_level_rejection,R:day_high:2026-09-26:g1,"[""structural_level"",""R:day_high:2026-09-26:g1""]:failed:quote:1790457873047:13",short,False,,,,,,,,,,,,True,,,False,False,,0,,,22690329,1790457873547,1642.81,True,,,False,False,,0,,,22690329,1790457873547,1642.81,neither,,neither,,neither,,neither,,,,,,,,,,,,,,,,,,,,,,,,,,,,,,,,,,,,,,,,,,,,,,
ZECUSDT,weak_level_rejection,R:day_high:2026-09-26:g1,"[""structural_level"",""R:day_high:2026-09-26:g1""]:failed:quote:1790457873647:14",short,False,,,,,,,,,,,,True,,,False,False,,0,,,22694545,1790457874412,1643.02,True,,,False,False,,0,,,22694545,1790457874412,1643.02,neither,,neither,,neither,,neither,,,,,,,,,,,,,,,,,,,,,,,,,,,,,,,,,,,,,,,,,,,,,,
ZECUSDT,weak_level_rejection,R:day_high:2026-09-26:g1,"[""structural_level"",""R:day_high:2026-09-26:g1""]:failed:quote:1790457873823:13",short,True,,,False,False,,0,,,22694605,1790457874423,1643.02,False,,,,,,,,,,,,False,,,,,,,,,,,,neither,,neither,,neither,,neither,,,,,,,,,,,,,,,,,,,,,,,,,,,,,,,,,,,,,,,,,,,,,,
ZECUSDT,weak_level_rejection,R:day_high:2026-09-26:g1,"[""structural_level"",""R:day_high:2026-09-26:g1""]:failed:quote:1790457874532:14",short,True,,,False,False,,0,,,22698436,1790457874584,1643.0,False,,,,,,,,,,,,False,,,,,,,,,,,,neither,,neither,,neither,,neither,,,,,,,,,,,,,,,,,,,,,,,,,,,,,,,,,,,,,,,,,,,,,,
ZECUSDT,weak_level_rejection,R:day_high:2026-09-26:g1,"[""structural_level"",""R:day_high:2026-09-26:g1""]:failed:quote:1790457874532:15",short,False,,,,,,,,,,,,True,,,False,False,,0,,,22698436,1790457874584,1643.0,True,,,False,False,,0,,,22698436,1790457874584,1643.0,neither,,neither,,neither,,neither,,,,,,,,,,,,,,,,,,,,,,,,,,,,,,,,,,,,,,,,,,,,,,
ZECUSDT,weak_level_rejection,R:day_high:2026-09-26:g1,"[""structural_level"",""R:day_high:2026-09-26:g1""]:failed:quote:1790457874634:15",short,True,,,False,False,,0,,,22725903,1790457878613,1642.57,False,,,,,,,,,,,,False,,,,,,,,,,,,neither,,neither,,neither,,neither,,,,,,,,,,,,,,,,,,,,,,,,,,,,,,,,,,,,,,,,,,,,,,
ZECUSDT,weak_level_rejection,R:day_high:2026-09-26:g1,"[""structural_level"",""R:day_high:2026-09-26:g1""]:failed:quote:1790457874634:16",short,False,,,,,,,,,,,,True,,,False,False,,0,,,22725903,1790457878613,1642.57,True,,,False,False,,0,,,22725903,1790457878613,1642.57,neither,,neither,,neither,,neither,,,,,,,,,,,,,,,,,,,,,,,,,,,,,,,,,,,,,,,,,,,,,,
ZECUSDT,weak_level_rejection,R:day_high:2026-09-26:g1,"[""structural_level"",""R:day_high:2026-09-26:g1""]:failed:quote:1790457879923:16",short,True,,,False,False,,0,,,22731625,1790457879973,1642.82,False,,,,,,,,,,,,False,,,,,,,,,,,,neither,,neither,,neither,,neither,,,,,,,,,,,,,,,,,,,,,,,,,,,,,,,,,,,,,,,,,,,,,,
ZECUSDT,weak_level_rejection,R:day_high:2026-09-26:g1,"[""structural_level"",""R:day_high:2026-09-26:g1""]:failed:quote:1790457879923:17",short,False,,,,,,,,,,,,True,,,False,False,,0,,,22731625,1790457879973,1642.82,True,,,False,False,,0,,,22731625,1790457879973,1642.82,neither,,neither,,neither,,neither,,,,,,,,,,,,,,,,,,,,,,,,,,,,,,,,,,,,,,,,,,,,,,
ZECUSDT,weak_level_rejection,R:day_high:2026-09-26:g1,"[""structural_level"",""R:day_high:2026-09-26:g1""]:failed:quote:1790457880573:18",short,False,,,,,,,,,,,,True,,,False,False,,0,,,22825077,1790457897449,1642.88,True,,,False,False,,0,,,22825077,1790457897449,1642.88,neither,,neither,,neither,,neither,,,,,,,,,,,,,,,,,,,,,,,,,,,,,,,,,,,,,,,,,,,,,,
ZECUSDT,weak_level_rejection,R:day_high:2026-09-26:g1,"[""structural_level"",""R:day_high:2026-09-26:g1""]:failed:quote:1790457895041:19",short,False,,,,,,,,,,,,True,,,False,False,,0,,,22831277,1790457898992,1643.03,True,,,False,False,,0,,,22831277,1790457898992,1643.03,neither,,neither,,neither,,neither,,,,,,,,,,,,,,,,,,,,,,,,,,,,,,,,,,,,,,,,,,,,,,
ZECUSDT,weak_level_rejection,R:day_high:2026-09-26:g1,"[""structural_level"",""R:day_high:2026-09-26:g1""]:failed:quote:1790457897699:20",short,False,,,,,,,,,,,,True,,,False,False,,0,,,22831562,1790457899042,1643.12,True,,,False,False,,0,,,22831562,1790457899042,1643.12,neither,,neither,,neither,,neither,,,,,,,,,,,,,,,,,,,,,,,,,,,,,,,,,,,,,,,,,,,,,,
ZECUSDT,weak_level_rejection,R:day_high:2026-09-26:g1,"[""structural_level"",""R:day_high:2026-09-26:g1""]:failed:quote:1790457899142:21",short,False,,,,,,,,,,,,True,,,False,False,,0,,,22832877,1790457899292,1643.01,True,,,False,False,,0,,,22832877,1790457899292,1643.01,neither,,neither,,neither,,neither,,,,,,,,,,,,,,,,,,,,,,,,,,,,,,,,,,,,,,,,,,,,,,
ZECUSDT,weak_level_rejection,R:day_high:2026-09-26:g1,"[""structural_level"",""R:day_high:2026-09-26:g1""]:failed:quote:1790457899292:22",short,False,,,,,,,,,,,,True,,,False,False,,0,,,22841646,1790457900620,1643.06,True,,,False,False,,0,,,22841646,1790457900620,1643.06,neither,,neither,,neither,,neither,,,,,,,,,,,,,,,,,,,,,,,,,,,,,,,,,,,,,,,,,,,,,,
ZECUSDT,weak_level_rejection,R:day_high:2026-09-26:g1,"[""structural_level"",""R:day_high:2026-09-26:g1""]:failed:quote:1790457899850:23",short,False,,,,,,,,,,,,True,565110620098205,23043398,True,True,,1,-6.365810372716374,1790457939.9062648,22842087,1790457900734,1643.06,True,565110620098205,23043398,True,True,,1,-6.365810372716374,1790457939.9062648,22842087,1790457900734,1643.06,new,,new,,retained,0.0,retained,0.0,,,,,,,,,,,covered_top_of_book,1640.02,23043358,60,-34.633723978976256,1.2804721893637663,-73.0478896598823,-47.633723978976256,13,41601.106504,covered_top_of_book,1640.02,23043358,60,-34.633723978976256,1.2804721893637663,-73.0478896598823,-47.633723978976256,13,41601.106504,,,,,,1640.02,18.502063223497398,23.905981970145284,3515,True,1640.02,18.502063223497398,23.905981970145284,3515,True
ZECUSDT,weak_level_rejection,R:day_high:2026-09-26:g1,"[""structural_level"",""R:day_high:2026-09-26:g1""]:failed:quote:1790457899918:20",short,True,,,False,False,assigned_object_no_longer_preparable,0,,,,,,False,,,,,,,,,,,,False,,,,,,,,,,,,neither,,neither,,neither,,neither,,,,,,,,,,,,,,,,,,,,,,,,,,,,,,,,,,,,,,,,,,,,,,
ZECUSDT,weak_level_rejection,R:day_high:2026-09-26:g1,"[""structural_level"",""R:day_high:2026-09-26:g1""]:failed:quote:1790457900865:24",short,False,,,,,,,,,,,,True,,,False,False,assigned_object_no_longer_preparable,0,,,,,,True,,,False,False,assigned_object_no_longer_preparable,0,,,,,,neither,,neither,,neither,,neither,,,,,,,,,,,,,,,,,,,,,,,,,,,,,,,,,,,,,,,,,,,,,,
ZECUSDT,weak_level_rejection,R:day_high:2026-09-26:g1,"[""structural_level"",""R:day_high:2026-09-26:g1""]:failed:quote:1790458152584:25",short,False,,,,,,,,,,,,True,,,False,False,,0,,,23974769,1790458152912,1655.51,True,,,False,False,,0,,,23974769,1790458152912,1655.51,neither,,neither,,neither,,neither,,,,,,,,,,,,,,,,,,,,,,,,,,,,,,,,,,,,,,,,,,,,,,
ZECUSDT,weak_level_rejection,R:resistance:12265:g2,"[""structural_level"",""R:resistance:12265:g2""]:cross:quote:1790453822443:1",short,False,,,,,,,,,,,,True,,,False,False,,0,,,,,,True,,,False,False,,0,,,,,,neither,,neither,,neither,,neither,,,,,,,,,,,,,,,,,,,,,,,,,,,,,,,,,,,,,,,,,,,,,,
ZECUSDT,weak_level_rejection,R:resistance:12267:g1,"[""structural_level"",""R:resistance:12267:g1""]:approach",short,True,,,False,False,,0,,,,,,False,,,,,,,,,,,,False,,,,,,,,,,,,neither,,neither,,neither,,neither,,,,,,,,,,,,,,,,,,,,,,,,,,,,,,,,,,,,,,,,,,,,,,
ZECUSDT,weak_level_rejection,R:resistance:12269:g1,"[""structural_level"",""R:resistance:12269:g1""]:approach",short,True,,,False,False,,0,,,,,,True,,,False,False,,0,,,,,,True,,,False,False,,0,,,,,,neither,,neither,,neither,,neither,,,,,,,,,,,,,,,,,,,,,,,,,,,,,,,,,,,,,,,,,,,,,,
ZECUSDT,weak_level_rejection,R:resistance:12283:g1,"[""structural_level"",""R:resistance:12283:g1""]:failed:quote:1790454782846:2",short,True,,,False,False,assigned_object_no_longer_preparable,0,,,,,,True,,,False,False,assigned_object_no_longer_preparable,0,,,,,,True,,,False,False,assigned_object_no_longer_preparable,0,,,,,,neither,,neither,,neither,,neither,,,,,,,,,,,,,,,,,,,,,,,,,,,,,,,,,,,,,,,,,,,,,,
ZECUSDT,weak_level_rejection,R:resistance:12287:g1,"[""structural_level"",""R:resistance:12287:g1""]:failed:bar:1790456880000",short,True,,,False,False,,0,,,19213187,1790456918893,1587.55,False,,,,,,,,,,,,False,,,,,,,,,,,,neither,,neither,,neither,,neither,,,,,,,,,,,,,,,,,,,,,,,,,,,,,,,,,,,,,,,,,,,,,,
ZECUSDT,weak_level_rejection,R:resistance:12287:g1,"[""structural_level"",""R:resistance:12287:g1""]:failed:quote:1790456939576:2",short,True,564113161607400,19305694,True,True,,1,-10.165085331358451,1790456942.4477742,19302201,1790456944332,1587.72,False,,,,,,,,,,,,False,,,,,,,,,,,,disappeared,,disappeared,,neither,,neither,,covered_top_of_book,1587.0,19305694,60,-22.810333963452372,-0.06301197227467488,-27.97731568998144,-35.81033396345237,13,545.885892,,,,,,,,,,,,,,,,,,,,,1587.0,4.53480462550089,-0.0,4,False,,,,,,,,,,
ZECUSDT,weak_level_rejection,R:resistance:12287:g1,"[""structural_level"",""R:resistance:12287:g1""]:failed:quote:1790456947223:3",short,False,,,,,,,,,,,,True,,,False,False,,0,,,,,,True,,,False,False,,0,,,,,,neither,,neither,,neither,,neither,,,,,,,,,,,,,,,,,,,,,,,,,,,,,,,,,,,,,,,,,,,,,,
ZECUSDT,weak_level_rejection,R:resistance:12318:g1,"[""structural_level"",""R:resistance:12318:g1""]:failed:quote:1790457753472:1",short,False,,,,,,,,,,,,True,,,False,False,,0,,,22182228,1790457755522,1615.71,True,,,False,False,,0,,,22182228,1790457755522,1615.71,neither,,neither,,neither,,neither,,,,,,,,,,,,,,,,,,,,,,,,,,,,,,,,,,,,,,,,,,,,,,
ZECUSDT,weak_level_rejection,S:support:12262:g3,"[""structural_level"",""S:support:12262:g3""]:failed:quote:1790455657542:2",long,True,,,False,False,,0,,,14763117,1790455661073,1565.42,True,,,False,False,,0,,,14763117,1790455661073,1565.42,True,,,False,False,,0,,,14763117,1790455661073,1565.42,neither,,neither,,neither,,neither,,,,,,,,,,,,,,,,,,,,,,,,,,,,,,,,,,,,,,,,,,,,,,
